subid,sent.len,timestamp,word.len,rt,keypress,correct
100,2,2/24/07 11:34,6,0.704,2,1
100,2,2/24/07 11:34,6,0.719,2,1
100,2,2/24/07 11:34,6,1.903,1,1
100,2,2/24/07 11:34,6,2.663,2,1
100,2,2/24/07 11:34,8,0.418,1,0
100,2,2/24/07 11:34,8,0.635,1,1
100,2,2/24/07 11:34,8,4.882,2,1
100,2,2/24/07 11:35,4,0.463,1,1
100,2,2/24/07 11:35,4,0.476,2,1
100,2,2/24/07 11:35,4,0.489,1,1
100,2,2/24/07 11:35,4,0.512,1,1
100,2,2/24/07 11:35,4,0.515,1,1
100,2,2/24/07 11:35,4,0.938,1,1
100,2,2/24/07 11:35,6,0.482,2,1
100,2,2/24/07 11:35,6,0.582,1,0
100,2,2/24/07 11:35,6,0.603,2,1
100,2,2/24/07 11:35,8,0.377,2,1
100,2,2/24/07 11:35,8,0.666,1,0
100,2,2/24/07 11:35,8,1.018,2,1
100,2,2/24/07 11:35,8,1.401,2,1
100,2,2/24/07 11:36,4,0.374,2,1
100,2,2/24/07 11:36,6,0.374,1,0
100,2,2/24/07 11:36,6,0.623,1,1
100,2,2/24/07 11:36,6,1.943,1,1
100,2,2/24/07 11:36,8,0.318,2,1
100,2,2/24/07 11:36,8,0.342,1,1
100,2,2/24/07 11:36,8,0.423,1,1
100,2,2/24/07 11:36,8,0.444,2,1
100,2,2/24/07 11:36,8,0.459,1,0
100,2,2/24/07 11:36,8,0.626,1,0
10,12,10/29/06 11:37,6,0.731,1,0
10,12,10/29/06 11:37,6,0.927,1,0
10,12,10/29/06 11:37,8,0.179,2,1
10,12,10/29/06 11:38,4,0.203,2,1
10,12,10/29/06 11:38,4,0.443,1,0
10,12,10/29/06 11:38,4,0.519,1,1
10,12,10/29/06 11:38,4,0.849,1,1
10,12,10/29/06 11:38,4,1.31,1,0
10,12,10/29/06 11:38,6,0.268,2,0
10,12,10/29/06 11:38,6,0.409,1,0
10,12,10/29/06 11:38,6,0.851,1,0
10,12,10/29/06 11:38,6,1.905,2,1
10,12,10/29/06 11:38,8,0.258,2,1
10,12,10/29/06 11:38,8,1.351,1,1
10,12,10/29/06 11:39,4,0.301,1,0
10,12,10/29/06 11:39,4,0.699,2,1
10,12,10/29/06 11:39,4,0.724,2,0
10,12,10/29/06 11:39,4,1.157,2,1
10,12,10/29/06 11:39,6,0.154,2,0
10,12,10/29/06 11:39,6,0.19,2,1
10,12,10/29/06 11:39,6,0.418,1,0
10,12,10/29/06 11:39,6,0.511,1,0
10,12,10/29/06 11:39,6,1.296,1,0
10,12,10/29/06 11:39,8,0.159,1,1
10,12,10/29/06 11:39,8,0.204,1,1
10,12,10/29/06 11:40,4,0.284,1,1
10,12,10/29/06 11:40,6,0.765,1,1
10,12,10/29/06 11:40,6,0.838,2,0
10,12,10/29/06 11:40,8,0.462,2,1
10,12,10/29/06 11:40,8,0.755,2,1
101r1,24,2/24/07 12:05,4,3.336,2,1
101r1,24,2/24/07 12:05,6,0.534,2,1
101r1,24,2/24/07 12:05,6,1.832,1,1
101r1,24,2/24/07 12:05,6,2.085,1,0
101r1,24,2/24/07 12:05,8,0.472,1,1
101r1,24,2/24/07 12:05,8,0.617,2,1
101r1,24,2/24/07 12:06,4,0.708,1,1
101r1,24,2/24/07 12:06,4,0.714,2,0
101r1,24,2/24/07 12:06,4,1.135,1,1
101r1,24,2/24/07 12:06,4,1.783,1,1
101r1,24,2/24/07 12:06,6,0.679,2,0
101r1,24,2/24/07 12:06,6,0.812,1,0
101r1,24,2/24/07 12:06,6,1.612,2,1
101r1,24,2/24/07 12:06,6,2.171,2,1
101r1,24,2/24/07 12:06,8,0.146,1,1
101r1,24,2/24/07 12:06,8,0.445,2,0
101r1,24,2/24/07 12:06,8,0.491,2,1
101r1,24,2/24/07 12:06,8,0.699,1,0
101r1,24,2/24/07 12:06,8,2.036,1,1
101r1,24,2/24/07 12:07,4,0.669,1,1
101r1,24,2/24/07 12:07,4,1.981,2,1
101r1,24,2/24/07 12:07,6,0.528,1,1
101r1,24,2/24/07 12:07,6,1.083,2,0
101r1,24,2/24/07 12:07,6,1.153,2,1
101r1,24,2/24/07 12:07,6,1.369,1,0
101r1,24,2/24/07 12:07,6,1.682,2,0
101r1,24,2/24/07 12:07,6,1.911,2,1
101r1,24,2/24/07 12:07,8,0.509,2,1
101r1,24,2/24/07 12:07,8,0.869,1,0
101r1,24,2/24/07 12:07,8,1.762,2,0
101r2,24,9/26/06 10:46,4,0.51,2,1
101r2,24,9/26/06 10:46,4,0.535,1,1
101r2,24,9/26/06 10:46,4,0.799,2,0
101r2,24,9/26/06 10:46,4,0.931,1,1
101r2,24,9/26/06 10:46,6,0.479,2,1
101r2,24,9/26/06 10:46,6,0.718,2,1
101r2,24,9/26/06 10:46,6,0.855,2,1
101r2,24,9/26/06 10:46,6,1.024,1,0
101r2,24,9/26/06 10:46,8,0.427,2,0
101r2,24,9/26/06 10:46,8,0.819,1,1
101r2,24,9/26/06 10:46,8,0.995,1,1
101r2,24,9/26/06 10:46,8,2.191,1,1
101r2,24,9/26/06 10:47,4,0.374,2,1
101r2,24,9/26/06 10:47,4,0.434,2,0
101r2,24,9/26/06 10:47,4,0.588,2,1
101r2,24,9/26/06 10:47,6,0.538,1,1
101r2,24,9/26/06 10:47,6,1.272,1,1
101r2,24,9/26/06 10:47,6,1.307,1,0
101r2,24,9/26/06 10:47,6,1.562,2,0
101r2,24,9/26/06 10:47,8,0.22,2,1
101r2,24,9/26/06 10:47,8,0.282,1,1
101r2,24,9/26/06 10:47,8,0.312,2,0
101r2,24,9/26/06 10:47,8,0.391,2,1
101r2,24,9/26/06 10:47,8,0.556,1,1
101r2,24,9/26/06 10:47,8,0.69,1,0
101r2,24,9/26/06 10:48,4,1.796,2,0
101r2,24,9/26/06 10:48,6,0.617,2,1
101r2,24,9/26/06 10:48,8,0.293,2,1
101r2,24,9/26/06 10:48,8,0.35,1,1
101r2,24,9/26/06 10:48,8,0.363,2,1
102,12,9/26/06 15:30,4,0.687,2,1
102,12,9/26/06 15:30,4,1.122,2,1
102,12,9/26/06 15:30,4,1.854,1,1
102,12,9/26/06 15:30,4,6.746,2,1
102,12,9/26/06 15:30,6,1.772,2,1
102,12,9/26/06 15:30,8,1.241,2,1
102,12,9/26/06 15:30,8,2.119,2,1
102,12,9/26/06 15:30,8,5.382,1,1
102,12,9/26/06 15:31,4,0.658,2,1
102,12,9/26/06 15:31,4,0.857,1,1
102,12,9/26/06 15:31,4,2.013,1,1
102,12,9/26/06 15:31,4,4.301,1,1
102,12,9/26/06 15:31,6,0.675,2,1
102,12,9/26/06 15:31,6,0.887,2,1
102,12,9/26/06 15:31,6,0.907,1,1
102,12,9/26/06 15:31,6,2.403,2,0
102,12,9/26/06 15:31,8,0.908,2,1
102,12,9/26/06 15:31,8,1.898,2,1
102,12,9/26/06 15:31,8,2.471,1,1
102,12,9/26/06 15:32,4,0.835,1,1
102,12,9/26/06 15:32,4,0.859,1,1
102,12,9/26/06 15:32,4,3.081,1,0
102,12,9/26/06 15:32,4,3.109,1,0
102,12,9/26/06 15:32,6,0.676,1,0
102,12,9/26/06 15:32,6,0.755,1,1
102,12,9/26/06 15:32,6,1.684,1,1
102,12,9/26/06 15:32,6,2.565,2,1
102,12,9/26/06 15:32,8,0.756,1,1
102,12,9/26/06 15:32,8,2.04,2,1
102,12,9/26/06 15:32,8,2.071,1,1
102,24,2/24/07 12:25,4,0.961,1,1
102,24,2/24/07 12:25,4,1.515,2,1
102,24,2/24/07 12:25,4,1.576,2,1
102,24,2/24/07 12:25,4,1.718,2,0
102,24,2/24/07 12:25,4,2.097,2,1
102,24,2/24/07 12:25,4,2.185,1,0
102,24,2/24/07 12:25,4,2.25,2,1
102,24,2/24/07 12:25,6,0.54,2,1
102,24,2/24/07 12:25,8,0.486,1,1
102,24,2/24/07 12:25,8,0.592,1,1
102,24,2/24/07 12:25,8,1.586,2,1
102,24,2/24/07 12:26,4,0.785,1,1
102,24,2/24/07 12:26,4,0.846,1,0
102,24,2/24/07 12:26,4,1.588,1,0
102,24,2/24/07 12:26,4,2.706,1,1
102,24,2/24/07 12:26,6,0.532,1,1
102,24,2/24/07 12:26,6,0.633,2,1
102,24,2/24/07 12:26,6,0.961,2,1
102,24,2/24/07 12:26,6,1.818,2,0
102,24,2/24/07 12:26,8,0.395,1,0
102,24,2/24/07 12:26,8,0.902,1,0
102,24,2/24/07 12:26,8,0.911,1,0
102,24,2/24/07 12:26,8,2.441,2,1
102,24,2/24/07 12:27,4,0.546,2,1
102,24,2/24/07 12:27,4,0.689,1,1
102,24,2/24/07 12:27,4,0.726,1,0
102,24,2/24/07 12:27,4,1.501,1,0
102,24,2/24/07 12:27,6,0.821,1,0
102,24,2/24/07 12:27,8,1.167,1,1
102,24,2/24/07 12:27,8,2.522,1,1
103,1,2/24/07 15:51,4,0.753,1,0
103,1,2/24/07 15:51,4,0.968,2,1
103,1,2/24/07 15:51,4,0.976,2,0
103,1,2/24/07 15:51,4,1.376,-1,0
103,1,2/24/07 15:51,6,1.208,1,0
103,1,2/24/07 15:51,6,1.328,2,1
103,1,2/24/07 15:51,6,2.232,1,1
103,1,2/24/07 15:51,6,4.435,-1,0
103,1,2/24/07 15:51,8,0.645,1,1
103,1,2/24/07 15:51,8,0.862,1,0
103,1,2/24/07 15:51,8,2.574,2,0
103,1,2/24/07 15:52,4,0.927,1,1
103,1,2/24/07 15:52,4,1.107,2,0
103,1,2/24/07 15:52,4,1.156,1,0
103,1,2/24/07 15:52,4,1.344,2,1
103,1,2/24/07 15:52,6,0.472,1,0
103,1,2/24/07 15:52,6,0.478,2,0
103,1,2/24/07 15:52,6,0.618,1,0
103,1,2/24/07 15:52,6,1.29,2,0
103,1,2/24/07 15:52,6,1.422,2,0
103,1,2/24/07 15:52,6,2.378,2,0
103,1,2/24/07 15:52,8,0.968,1,0
103,1,2/24/07 15:52,8,2.415,1,1
103,1,2/24/07 15:53,4,0.641,2,1
103,1,2/24/07 15:53,4,0.641,2,1
103,1,2/24/07 15:53,4,0.66,2,1
103,1,2/24/07 15:53,6,0.447,1,0
103,1,2/24/07 15:53,6,0.709,2,1
103,1,2/24/07 15:53,6,1.095,2,0
103,1,2/24/07 15:53,6,1.772,2,0
103,8,9/27/06 10:44,4,1.24,1,1
103,8,9/27/06 10:44,4,1.591,1,1
103,8,9/27/06 10:44,4,1.677,2,1
103,8,9/27/06 10:44,4,2.28,2,1
103,8,9/27/06 10:44,6,2.491,1,0
103,8,9/27/06 10:44,6,3.754,2,0
103,8,9/27/06 10:44,6,4.339,1,0
103,8,9/27/06 10:44,6,7.314,2,1
103,8,9/27/06 10:44,8,0.98,1,1
103,8,9/27/06 10:45,4,0.759,2,1
103,8,9/27/06 10:45,4,0.804,1,1
103,8,9/27/06 10:45,4,0.808,2,1
103,8,9/27/06 10:45,4,0.94,1,1
103,8,9/27/06 10:45,6,0.767,1,0
103,8,9/27/06 10:45,6,2.951,2,0
103,8,9/27/06 10:45,8,1.251,2,1
103,8,9/27/06 10:45,8,1.598,1,1
103,8,9/27/06 10:45,8,2.136,1,1
103,8,9/27/06 10:45,8,2.577,1,1
103,8,9/27/06 10:45,8,3.526,1,1
103,8,9/27/06 10:46,4,2.041,1,1
103,8,9/27/06 10:46,6,0.729,2,1
103,8,9/27/06 10:46,6,1.89,1,1
103,8,9/27/06 10:46,6,3.036,1,0
103,8,9/27/06 10:46,6,3.766,1,0
103,8,9/27/06 10:46,8,0.589,1,1
103,8,9/27/06 10:46,8,0.593,1,1
103,8,9/27/06 10:46,8,0.654,2,1
103,8,9/27/06 10:46,8,9.575,2,0
103,8,9/27/06 10:47,8,2.368,2,1
104,2,3/4/07 10:49,6,8.616,2,1
104,2,3/4/07 10:50,4,0.643,2,1
104,2,3/4/07 10:50,4,0.664,1,1
104,2,3/4/07 10:50,4,1.341,2,1
104,2,3/4/07 10:50,6,1.085,2,1
104,2,3/4/07 10:50,6,1.36,1,1
104,2,3/4/07 10:50,6,9.824,2,1
104,2,3/4/07 10:50,8,0.537,2,1
104,2,3/4/07 10:50,8,0.634,1,1
104,2,3/4/07 10:50,8,0.765,2,1
104,2,3/4/07 10:50,8,1.349,1,1
104,2,3/4/07 10:51,4,0.604,2,1
104,2,3/4/07 10:51,4,3.818,1,1
104,2,3/4/07 10:51,6,1.506,1,0
104,2,3/4/07 10:51,6,1.932,1,1
104,2,3/4/07 10:51,8,0.577,1,1
104,2,3/4/07 10:51,8,0.775,1,1
104,2,3/4/07 10:51,8,0.889,1,1
104,2,3/4/07 10:51,8,1.235,1,1
104,2,3/4/07 10:51,8,8.82,1,0
104,2,3/4/07 10:52,4,0.361,2,1
104,2,3/4/07 10:52,4,0.438,1,1
104,2,3/4/07 10:52,4,0.637,2,1
104,2,3/4/07 10:52,6,0.895,1,1
104,2,3/4/07 10:52,6,0.949,2,1
104,2,3/4/07 10:52,6,2.966,1,1
104,2,3/4/07 10:52,6,5.753,2,0
104,2,3/4/07 10:52,8,0.335,1,1
104,2,3/4/07 10:52,8,0.356,2,1
104,2,3/4/07 10:52,8,0.392,1,1
104,4,9/29/06 12:08,4,1.565,1,1
104,4,9/29/06 12:08,4,4.183,1,0
104,4,9/29/06 12:08,4,4.598,2,1
104,4,9/29/06 12:08,6,0.696,1,1
104,4,9/29/06 12:08,6,1.958,1,1
104,4,9/29/06 12:08,8,0.908,2,1
104,4,9/29/06 12:08,8,1.17,2,1
104,4,9/29/06 12:08,8,1.457,2,1
104,4,9/29/06 12:09,4,1.509,1,1
104,4,9/29/06 12:09,4,3.586,1,0
104,4,9/29/06 12:09,6,0.742,2,0
104,4,9/29/06 12:09,6,0.837,1,1
104,4,9/29/06 12:09,8,0.42,2,1
104,4,9/29/06 12:09,8,0.736,2,1
104,4,9/29/06 12:09,8,0.852,1,1
104,4,9/29/06 12:09,8,0.875,2,1
104,4,9/29/06 12:09,8,0.882,2,1
104,4,9/29/06 12:09,8,2.253,2,1
104,4,9/29/06 12:09,8,2.391,2,1
104,4,9/29/06 12:10,4,1.321,1,1
104,4,9/29/06 12:10,4,1.764,1,0
104,4,9/29/06 12:10,6,0.91,2,1
104,4,9/29/06 12:10,6,2.124,1,0
104,4,9/29/06 12:10,8,0.504,2,1
104,4,9/29/06 12:10,8,0.737,2,1
104,4,9/29/06 12:10,8,1.53,1,1
104,4,9/29/06 12:10,8,1.88,1,1
104,4,9/29/06 12:10,8,2.017,2,1
104,4,9/29/06 12:10,8,2.027,1,1
104,4,9/29/06 12:11,4,8.079,1,0
105,6,10/3/06 10:28,4,0.844,2,1
105,6,10/3/06 10:28,6,0.557,1,1
105,6,10/3/06 10:28,8,10.174,2,0
105,6,10/3/06 10:29,4,0.42,1,1
105,6,10/3/06 10:29,4,0.696,1,0
105,6,10/3/06 10:29,4,5.362,2,1
105,6,10/3/06 10:29,6,1.248,2,0
105,6,10/3/06 10:29,6,1.254,1,0
105,6,10/3/06 10:29,6,1.425,1,1
105,6,10/3/06 10:29,6,2.576,1,1
105,6,10/3/06 10:29,8,0.778,2,1
105,6,10/3/06 10:29,8,0.792,1,1
105,6,10/3/06 10:29,8,1.014,1,0
105,6,10/3/06 10:29,8,1.361,1,1
105,6,10/3/06 10:30,4,1.002,2,1
105,6,10/3/06 10:30,4,1.094,1,1
105,6,10/3/06 10:30,4,4.025,2,0
105,6,10/3/06 10:30,4,4.464,2,0
105,6,10/3/06 10:30,6,0.573,2,1
105,6,10/3/06 10:30,6,0.718,2,1
105,6,10/3/06 10:30,6,1.21,2,0
105,6,10/3/06 10:30,6,2.753,2,1
105,6,10/3/06 10:30,8,0.331,1,1
105,6,10/3/06 10:30,8,0.502,1,1
105,6,10/3/06 10:30,8,0.589,2,1
105,6,10/3/06 10:31,4,2.064,2,1
105,6,10/3/06 10:31,4,4.128,1,0
105,6,10/3/06 10:31,6,2.913,2,0
105,6,10/3/06 10:31,6,3.605,1,1
105,6,10/3/06 10:31,8,0.745,1,0
106,3,10/3/06 12:58,4,0.576,2,1
106,3,10/3/06 12:58,4,1.593,2,1
106,3,10/3/06 12:58,4,4.25,1,1
106,3,10/3/06 12:58,4,7.879,1,0
106,3,10/3/06 12:58,6,0.377,1,1
106,3,10/3/06 12:58,6,0.761,2,1
106,3,10/3/06 12:58,6,3.891,1,0
106,3,10/3/06 12:58,8,0.606,2,1
106,3,10/3/06 12:58,8,1.543,2,1
106,3,10/3/06 12:59,4,0.548,1,1
106,3,10/3/06 12:59,4,0.73,2,1
106,3,10/3/06 12:59,6,0.201,2,1
106,3,10/3/06 12:59,6,0.926,1,1
106,3,10/3/06 12:59,6,1.554,1,1
106,3,10/3/06 12:59,6,1.7,1,1
106,3,10/3/06 12:59,8,0.29,2,1
106,3,10/3/06 12:59,8,0.487,1,1
106,3,10/3/06 12:59,8,0.519,2,1
106,3,10/3/06 12:59,8,0.55,2,1
106,3,10/3/06 12:59,8,0.56,2,1
106,3,10/3/06 12:59,8,1.421,1,1
106,3,10/3/06 12:59,8,1.695,2,1
106,3,10/3/06 13:00,4,0.243,1,1
106,3,10/3/06 13:00,4,0.271,2,0
106,3,10/3/06 13:00,6,0.293,1,1
106,3,10/3/06 13:00,6,0.339,1,0
106,3,10/3/06 13:00,6,0.451,1,1
106,3,10/3/06 13:00,6,1.225,1,1
106,3,10/3/06 13:00,8,0.115,2,1
106,3,10/3/06 13:00,8,1.551,2,1
107,1,11/17/06 14:25,4,0.816,2,1
107,1,11/17/06 14:25,4,2.243,2,1
107,1,11/17/06 14:25,6,0.87,1,0
107,1,11/17/06 14:25,8,0.313,1,1
107,1,11/17/06 14:26,4,0.297,1,1
107,1,11/17/06 14:26,4,0.767,1,1
107,1,11/17/06 14:26,6,0.192,1,1
107,1,11/17/06 14:26,6,0.507,2,1
107,1,11/17/06 14:26,6,0.762,1,1
107,1,11/17/06 14:26,6,1.225,2,1
107,1,11/17/06 14:26,6,3.715,1,0
107,1,11/17/06 14:26,8,0.28,2,1
107,1,11/17/06 14:26,8,0.463,2,1
107,1,11/17/06 14:26,8,0.508,1,1
107,1,11/17/06 14:26,8,0.767,2,1
107,1,11/17/06 14:26,8,0.888,2,1
107,1,11/17/06 14:27,4,0.464,1,1
107,1,11/17/06 14:27,4,0.985,2,1
107,1,11/17/06 14:27,4,2.012,2,1
107,1,11/17/06 14:27,6,0.244,2,1
107,1,11/17/06 14:27,6,0.701,2,1
107,1,11/17/06 14:27,6,1.249,1,0
107,1,11/17/06 14:27,6,1.364,1,1
107,1,11/17/06 14:27,6,1.505,1,1
107,1,11/17/06 14:27,6,1.55,2,0
107,1,11/17/06 14:27,6,2.021,2,0
107,1,11/17/06 14:27,8,1.456,1,1
107,1,11/17/06 14:27,8,1.549,2,1
107,1,11/17/06 14:28,6,0.993,2,1
107,1,11/17/06 14:28,6,2.185,1,1
108,24,11/18/06 13:59,4,0.754,2,1
108,24,11/18/06 13:59,4,0.789,1,1
108,24,11/18/06 13:59,4,1.956,2,1
108,24,11/18/06 13:59,4,2.471,1,1
108,24,11/18/06 13:59,4,2.607,2,0
108,24,11/18/06 13:59,6,1.982,2,1
108,24,11/18/06 13:59,6,3.102,2,1
108,24,11/18/06 13:59,8,0.929,1,1
108,24,11/18/06 13:59,8,1.441,2,1
108,24,11/18/06 13:59,8,2.286,2,1
108,24,11/18/06 14:00,4,0.471,1,1
108,24,11/18/06 14:00,4,0.915,1,1
108,24,11/18/06 14:00,4,1.285,2,1
108,24,11/18/06 14:00,6,0.533,1,0
108,24,11/18/06 14:00,6,0.997,1,0
108,24,11/18/06 14:00,6,1.122,2,0
108,24,11/18/06 14:00,6,1.691,1,0
108,24,11/18/06 14:00,6,1.785,2,0
108,24,11/18/06 14:00,6,1.901,1,0
108,24,11/18/06 14:00,8,0.284,1,0
108,24,11/18/06 14:00,8,1.285,1,1
108,24,11/18/06 14:00,8,2.811,1,1
108,24,11/18/06 14:01,4,0.874,1,1
108,24,11/18/06 14:01,6,0.753,2,0
108,24,11/18/06 14:01,6,2.321,1,0
108,24,11/18/06 14:01,8,0.185,1,1
108,24,11/18/06 14:01,8,0.402,1,1
108,24,11/18/06 14:01,8,1.119,2,1
108,24,11/18/06 14:01,8,1.375,1,1
108,24,11/18/06 14:01,8,3.049,1,0
109,3,11/8/06 10:17,4,0.762,1,1
109,3,11/8/06 10:17,4,1.31,2,1
109,3,11/8/06 10:17,6,0.495,2,1
109,3,11/8/06 10:17,6,0.633,2,1
109,3,11/8/06 10:17,8,0.385,1,1
109,3,11/8/06 10:17,8,0.591,1,1
109,3,11/8/06 10:17,8,0.673,2,1
109,3,11/8/06 10:17,8,1.197,1,1
109,3,11/8/06 10:17,8,2.057,2,0
109,3,11/8/06 10:18,4,0.301,1,1
109,3,11/8/06 10:18,4,0.341,1,1
109,3,11/8/06 10:18,4,0.498,2,1
109,3,11/8/06 10:18,4,0.86,2,1
109,3,11/8/06 10:18,4,0.869,2,1
109,3,11/8/06 10:18,6,0.204,2,1
109,3,11/8/06 10:18,6,0.478,2,1
109,3,11/8/06 10:18,6,0.641,2,1
109,3,11/8/06 10:18,6,0.919,1,1
109,3,11/8/06 10:18,8,0.291,1,1
109,3,11/8/06 10:18,8,0.357,1,1
109,3,11/8/06 10:18,8,0.736,2,1
109,3,11/8/06 10:18,8,1.667,2,0
109,3,11/8/06 10:19,3,0.307,2,1
109,3,11/8/06 10:19,4,0.478,1,1
109,3,11/8/06 10:19,5,2.531,1,1
109,3,11/8/06 10:19,6,0.364,1,1
109,3,11/8/06 10:19,6,0.826,1,1
109,3,11/8/06 10:19,8,0.653,2,1
109,3,11/8/06 10:19,8,0.985,2,1
109,3,11/8/06 10:19,8,1.725,2,1
110,3,11/14/06 10:58,4,0.365,1,1
110,3,11/14/06 10:58,4,2.254,2,1
110,3,11/14/06 10:58,4,3.941,2,1
110,3,11/14/06 10:58,6,2.12,2,1
110,3,11/14/06 10:58,6,3.154,2,1
110,3,11/14/06 10:58,6,6.19,1,1
110,3,11/14/06 10:58,8,1.338,2,1
110,3,11/14/06 10:59,4,0.61,2,1
110,3,11/14/06 10:59,4,0.786,2,1
110,3,11/14/06 10:59,4,1.149,2,1
110,3,11/14/06 10:59,6,0.285,1,1
110,3,11/14/06 10:59,6,0.443,2,1
110,3,11/14/06 10:59,6,0.476,1,1
110,3,11/14/06 10:59,6,0.766,2,1
110,3,11/14/06 10:59,6,3.002,1,1
110,3,11/14/06 10:59,8,0.398,1,1
110,3,11/14/06 10:59,8,0.511,1,1
110,3,11/14/06 10:59,8,1.6,1,1
110,3,11/14/06 11:00,4,0.359,1,1
110,3,11/14/06 11:00,4,0.448,1,1
110,3,11/14/06 11:00,4,0.81,1,1
110,3,11/14/06 11:00,4,1.014,2,1
110,3,11/14/06 11:00,4,3.505,1,0
110,3,11/14/06 11:00,6,0.466,1,1
110,3,11/14/06 11:00,6,0.48,2,1
110,3,11/14/06 11:00,6,1.734,2,1
110,3,11/14/06 11:00,6,2.465,1,0
110,3,11/14/06 11:00,8,0.709,1,1
110,3,11/14/06 11:01,8,0.452,2,1
110,3,11/14/06 11:01,8,0.882,2,0
111,1,11/17/06 12:19,4,0.541,1,1
111,1,11/17/06 12:19,4,1.039,1,1
111,1,11/17/06 12:19,6,0.302,2,1
111,1,11/17/06 12:19,8,0.049,1,1
111,1,11/17/06 12:19,8,0.189,1,1
111,1,11/17/06 12:19,8,0.197,2,1
111,1,11/17/06 12:20,4,0.075,2,1
111,1,11/17/06 12:20,4,0.765,2,1
111,1,11/17/06 12:20,4,1.152,2,1
111,1,11/17/06 12:20,4,1.278,1,1
111,1,11/17/06 12:20,6,0.204,1,1
111,1,11/17/06 12:20,6,0.398,2,1
111,1,11/17/06 12:20,6,0.898,1,1
111,1,11/17/06 12:20,8,0.092,1,1
111,1,11/17/06 12:20,8,0.115,2,1
111,1,11/17/06 12:20,8,0,2,1
111,1,11/17/06 12:20,8,0.319,2,1
111,1,11/17/06 12:21,4,0.495,1,1
111,1,11/17/06 12:21,4,3.761,2,0
111,1,11/17/06 12:21,6,0.203,2,1
111,1,11/17/06 12:21,6,0.321,2,1
111,1,11/17/06 12:21,6,1.037,2,1
111,1,11/17/06 12:21,8,0.072,2,1
111,1,11/17/06 12:21,8,0.114,2,1
111,1,11/17/06 12:21,8,0,2,1
111,1,11/17/06 12:21,8,0,2,1
111,1,11/17/06 12:21,8,4.572,1,1
111,1,11/17/06 12:22,4,0.005,2,1
111,1,11/17/06 12:22,6,0.071,2,1
111,1,11/17/06 12:22,8,0.194,1,1
112,8,11/18/06 14:53,4,2.313,1,1
112,8,11/18/06 14:53,6,2.111,1,1
112,8,11/18/06 14:54,4,0.736,1,1
112,8,11/18/06 14:54,4,1.179,2,1
112,8,11/18/06 14:54,4,1.376,2,1
112,8,11/18/06 14:54,6,0.205,1,1
112,8,11/18/06 14:54,6,0.998,2,1
112,8,11/18/06 14:54,6,2.674,1,0
112,8,11/18/06 14:54,8,0.872,1,0
112,8,11/18/06 14:54,8,1.941,1,1
112,8,11/18/06 14:54,8,3.408,2,0
112,8,11/18/06 14:55,4,0.237,1,1
112,8,11/18/06 14:55,4,0.258,1,0
112,8,11/18/06 14:55,4,0.275,2,1
112,8,11/18/06 14:55,4,0.604,2,1
112,8,11/18/06 14:55,4,0.747,2,1
112,8,11/18/06 14:55,6,0.299,2,1
112,8,11/18/06 14:55,6,0.305,1,0
112,8,11/18/06 14:55,6,0.583,1,0
112,8,11/18/06 14:55,8,0.844,1,0
112,8,11/18/06 14:55,8,1.711,1,0
112,8,11/18/06 14:55,8,2.859,2,1
112,8,11/18/06 14:56,4,0.49,1,1
112,8,11/18/06 14:56,4,1.963,1,0
112,8,11/18/06 14:56,6,0.273,1,1
112,8,11/18/06 14:56,6,0.303,2,1
112,8,11/18/06 14:56,6,0.409,2,0
112,8,11/18/06 14:56,8,0.382,1,1
112,8,11/18/06 14:56,8,0.645,2,1
112,8,11/18/06 14:56,8,1.789,2,0
113,12,11/18/06 14:51,4,0.528,1,1
113,12,11/18/06 14:51,4,4.611,2,0
113,12,11/18/06 14:51,6,0.243,2,1
113,12,11/18/06 14:51,6,2.822,1,0
113,12,11/18/06 14:51,8,1.776,2,1
113,12,11/18/06 14:52,4,0.298,1,1
113,12,11/18/06 14:52,4,5.068,1,1
113,12,11/18/06 14:52,4,5.741,2,1
113,12,11/18/06 14:52,4,6.187,2,0
113,12,11/18/06 14:52,6,1.314,1,0
113,12,11/18/06 14:52,6,2.161,2,0
113,12,11/18/06 14:52,8,0.712,2,1
113,12,11/18/06 14:52,8,1.493,1,0
113,12,11/18/06 14:53,4,3.997,2,1
113,12,11/18/06 14:53,4,4.644,2,0
113,12,11/18/06 14:53,6,5.225,2,1
113,12,11/18/06 14:53,8,0.126,1,1
113,12,11/18/06 14:53,8,0.81,2,1
113,12,11/18/06 14:53,8,0.836,1,1
113,12,11/18/06 14:53,8,1.069,2,0
113,12,11/18/06 14:53,8,1.22,1,0
113,12,11/18/06 14:54,4,0.664,2,1
113,12,11/18/06 14:54,4,1.106,1,0
113,12,11/18/06 14:54,4,4.239,1,1
113,12,11/18/06 14:54,6,0.087,1,0
113,12,11/18/06 14:54,6,0.263,2,0
113,12,11/18/06 14:54,6,0.836,2,1
113,12,11/18/06 14:54,8,0.076,1,0
113,12,11/18/06 14:54,8,0.257,2,0
113,12,11/18/06 14:54,8,3.756,1,1
114,2,12/20/06 13:51,4,5.026,2,1
114,2,12/20/06 13:51,8,0.407,1,1
114,2,12/20/06 13:52,4,0.429,2,1
114,2,12/20/06 13:52,4,0.764,2,1
114,2,12/20/06 13:52,4,0.838,1,1
114,2,12/20/06 13:52,6,0.286,1,1
114,2,12/20/06 13:52,6,0.367,1,1
114,2,12/20/06 13:52,6,0.461,2,1
114,2,12/20/06 13:52,6,0.509,1,1
114,2,12/20/06 13:52,8,0.492,2,1
114,2,12/20/06 13:52,8,1.259,2,1
114,2,12/20/06 13:52,8,1.606,1,0
114,2,12/20/06 13:52,8,4.92,1,1
114,2,12/20/06 13:52,8,6.356,1,0
114,2,12/20/06 13:53,4,0.423,1,1
114,2,12/20/06 13:53,4,1.22,1,1
114,2,12/20/06 13:53,4,1.331,1,1
114,2,12/20/06 13:53,4,2.087,2,1
114,2,12/20/06 13:53,4,5.107,1,1
114,2,12/20/06 13:53,6,0.415,2,1
114,2,12/20/06 13:53,6,0.53,1,1
114,2,12/20/06 13:53,6,0.57,2,1
114,2,12/20/06 13:53,6,0.658,2,1
114,2,12/20/06 13:53,6,0.666,2,1
114,2,12/20/06 13:53,8,0.892,1,0
114,2,12/20/06 13:54,4,1.754,1,1
114,2,12/20/06 13:54,4,8.227,1,0
114,2,12/20/06 13:54,6,0.517,1,1
114,2,12/20/06 13:54,8,0.256,2,1
114,2,12/20/06 13:54,8,0.306,2,0
114,8,1/12/07 12:37,4,0.879,2,0
114,8,1/12/07 12:37,4,1.003,2,0
114,8,1/12/07 12:37,4,1.857,2,1
114,8,1/12/07 12:37,6,0.826,1,1
114,8,1/12/07 12:37,6,1.295,2,1
114,8,1/12/07 12:37,6,3.732,1,0
114,8,1/12/07 12:38,4,0.623,2,1
114,8,1/12/07 12:38,4,0.873,2,0
114,8,1/12/07 12:38,4,1.999,2,1
114,8,1/12/07 12:38,4,3.132,2,0
114,8,1/12/07 12:38,6,0.684,2,1
114,8,1/12/07 12:38,6,2.583,1,0
114,8,1/12/07 12:38,8,0.363,2,1
114,8,1/12/07 12:38,8,0.518,1,1
114,8,1/12/07 12:38,8,0.594,1,1
114,8,1/12/07 12:38,8,0.655,1,1
114,8,1/12/07 12:38,8,0.661,1,1
114,8,1/12/07 12:38,8,0.7,1,1
114,8,1/12/07 12:39,4,0.542,2,0
114,8,1/12/07 12:39,4,0.654,2,1
114,8,1/12/07 12:39,6,0.401,2,1
114,8,1/12/07 12:39,6,0.521,2,1
114,8,1/12/07 12:39,6,0.569,1,1
114,8,1/12/07 12:39,6,0.861,1,1
114,8,1/12/07 12:39,6,0.86,2,1
114,8,1/12/07 12:39,8,0.18,2,1
114,8,1/12/07 12:39,8,0.454,1,1
114,8,1/12/07 12:39,8,0.602,2,1
114,8,1/12/07 12:39,8,0.699,2,0
114,8,1/12/07 12:39,8,0.742,1,1
115,3,1/9/07 16:23,4,0.941,1,1
115,3,1/9/07 16:23,4,4.451,1,0
115,3,1/9/07 16:23,6,0.856,2,1
115,3,1/9/07 16:23,8,1.025,2,0
115,3,1/9/07 16:23,8,2.068,1,0
115,3,1/9/07 16:24,4,3.826,2,1
115,3,1/9/07 16:24,4,4.123,1,0
115,3,1/9/07 16:24,6,1.864,2,1
115,3,1/9/07 16:24,8,0.771,1,1
115,3,1/9/07 16:24,8,2.393,1,1
115,3,1/9/07 16:24,8,2.485,2,0
115,3,1/9/07 16:24,8,2.915,1,1
115,3,1/9/07 16:24,8,3.438,1,1
115,3,1/9/07 16:25,4,11.797,2,0
115,3,1/9/07 16:25,4,2.415,1,1
115,3,1/9/07 16:25,4,6.516,2,1
115,3,1/9/07 16:25,6,1.285,2,1
115,3,1/9/07 16:25,6,1.37,2,1
115,3,1/9/07 16:25,6,2.269,1,1
115,3,1/9/07 16:25,6,4.799,2,1
115,3,1/9/07 16:25,8,1.032,2,1
115,3,1/9/07 16:25,8,3.464,1,1
115,3,1/9/07 16:26,4,2.007,2,0
115,3,1/9/07 16:26,4,2.946,1,0
115,3,1/9/07 16:26,6,0.906,2,0
115,3,1/9/07 16:26,6,1.203,1,1
115,3,1/9/07 16:26,6,8.41,1,1
115,3,1/9/07 16:26,8,0.526,2,1
115,3,1/9/07 16:26,8,1.316,2,1
115,3,1/9/07 16:26,8,1.369,2,1
116,2,1/9/07 16:39,6,1.181,2,1
116,2,1/9/07 16:39,6,1.185,2,1
116,2,1/9/07 16:39,6,1.534,1,1
116,2,1/9/07 16:39,6,1.641,1,1
116,2,1/9/07 16:39,8,0.866,1,1
116,2,1/9/07 16:39,8,1.175,2,1
116,2,1/9/07 16:39,8,3.949,2,0
116,2,1/9/07 16:40,4,0.591,1,1
116,2,1/9/07 16:40,4,0.617,2,1
116,2,1/9/07 16:40,4,0.945,1,1
116,2,1/9/07 16:40,4,1.483,1,1
116,2,1/9/07 16:40,6,0.896,2,1
116,2,1/9/07 16:40,6,1.01,1,1
116,2,1/9/07 16:40,6,1.428,2,0
116,2,1/9/07 16:40,6,1.736,2,1
116,2,1/9/07 16:40,8,0.836,1,1
116,2,1/9/07 16:40,8,1.479,1,1
116,2,1/9/07 16:40,8,2.197,1,0
116,2,1/9/07 16:41,4,0.405,2,1
116,2,1/9/07 16:41,4,0.822,2,1
116,2,1/9/07 16:41,4,1.368,2,1
116,2,1/9/07 16:41,4,1.387,1,1
116,2,1/9/07 16:41,6,1.87,1,0
116,2,1/9/07 16:41,8,0.416,2,1
116,2,1/9/07 16:41,8,0.465,1,1
116,2,1/9/07 16:41,8,0.47,1,1
116,2,1/9/07 16:41,8,0.488,1,1
116,2,1/9/07 16:41,8,0.535,2,1
116,2,1/9/07 16:41,8,0.598,2,1
116,2,1/9/07 16:41,8,2.112,1,1
117,1,1/10/07 15:28,4,0.482,1,1
117,1,1/10/07 15:28,6,0.409,2,1
117,1,1/10/07 15:28,6,0.838,2,1
117,1,1/10/07 15:28,6,0.883,2,1
117,1,1/10/07 15:28,6,4.708,2,0
117,1,1/10/07 15:28,8,0.393,2,1
117,1,1/10/07 15:28,8,0.425,2,1
117,1,1/10/07 15:28,8,1.516,-1,0
117,1,1/10/07 15:29,4,0.199,2,1
117,1,1/10/07 15:29,4,0.421,1,1
117,1,1/10/07 15:29,4,0.463,1,1
117,1,1/10/07 15:29,4,0.861,2,1
117,1,1/10/07 15:29,6,0.297,1,1
117,1,1/10/07 15:29,6,0.362,1,1
117,1,1/10/07 15:29,6,0.433,1,1
117,1,1/10/07 15:29,6,0.754,1,1
117,1,1/10/07 15:29,6,2.07,2,1
117,1,1/10/07 15:29,8,0.173,2,1
117,1,1/10/07 15:29,8,0.28,2,1
117,1,1/10/07 15:29,8,0.331,2,1
117,1,1/10/07 15:29,8,0.417,1,1
117,1,1/10/07 15:30,4,0.361,1,1
117,1,1/10/07 15:30,4,0.385,2,1
117,1,1/10/07 15:30,4,0.48,2,1
117,1,1/10/07 15:30,4,0.54,1,1
117,1,1/10/07 15:30,6,0.338,1,1
117,1,1/10/07 15:30,6,0.427,2,1
117,1,1/10/07 15:30,6,1.147,1,1
117,1,1/10/07 15:30,8,0.291,2,1
117,1,1/10/07 15:30,8,0.432,1,1
11,8,10/29/06 11:37,4,1.34,2,1
11,8,10/29/06 11:37,4,1.708,1,1
11,8,10/29/06 11:37,6,1.161,1,1
11,8,10/29/06 11:37,8,0.768,2,1
11,8,10/29/06 11:38,4,0.361,2,1
11,8,10/29/06 11:38,4,0.539,2,1
11,8,10/29/06 11:38,4,1.264,1,0
11,8,10/29/06 11:38,6,0.454,1,1
11,8,10/29/06 11:38,6,0.537,2,1
11,8,10/29/06 11:38,6,0.665,2,1
11,8,10/29/06 11:38,6,0.944,2,1
11,8,10/29/06 11:38,6,1.343,1,1
11,8,10/29/06 11:38,6,3.018,2,1
11,8,10/29/06 11:38,8,0.449,1,1
11,8,10/29/06 11:38,8,0.608,1,0
11,8,10/29/06 11:38,8,0.737,2,1
11,8,10/29/06 11:39,4,0.432,2,1
11,8,10/29/06 11:39,4,0.615,2,1
11,8,10/29/06 11:39,4,0.734,2,1
11,8,10/29/06 11:39,4,1.188,1,1
11,8,10/29/06 11:39,6,0.43,1,1
11,8,10/29/06 11:39,6,0.938,2,1
11,8,10/29/06 11:39,6,0.954,1,1
11,8,10/29/06 11:39,6,1.024,1,1
11,8,10/29/06 11:39,6,1.895,1,1
11,8,10/29/06 11:39,8,0.318,2,1
11,8,10/29/06 11:39,8,0.3,2,1
11,8,10/29/06 11:39,8,0.552,2,1
11,8,10/29/06 11:39,8,0.594,1,1
11,8,10/29/06 11:40,6,2.05,2,0
118,6,1/12/07 13:32,4,0.433,2,1
118,6,1/12/07 13:32,4,0.705,2,1
118,6,1/12/07 13:32,4,0.942,1,1
118,6,1/12/07 13:32,4,1.584,1,1
118,6,1/12/07 13:32,6,0.284,1,1
118,6,1/12/07 13:32,6,0.504,2,1
118,6,1/12/07 13:32,6,1.047,2,1
118,6,1/12/07 13:32,8,0.582,2,1
118,6,1/12/07 13:32,8,0.71,1,1
118,6,1/12/07 13:33,4,0.371,1,1
118,6,1/12/07 13:33,4,0.649,1,1
118,6,1/12/07 13:33,4,1.219,2,1
118,6,1/12/07 13:33,4,1.73,2,1
118,6,1/12/07 13:33,4,3.405,1,0
118,6,1/12/07 13:33,6,0.345,1,1
118,6,1/12/07 13:33,6,0.362,2,1
118,6,1/12/07 13:33,6,0.53,2,1
118,6,1/12/07 13:33,6,0.636,1,1
118,6,1/12/07 13:33,8,0.261,2,1
118,6,1/12/07 13:33,8,1.147,1,1
118,6,1/12/07 13:33,8,3.374,2,1
118,6,1/12/07 13:34,4,0.332,2,1
118,6,1/12/07 13:34,4,0.38,2,1
118,6,1/12/07 13:34,4,0.466,1,1
118,6,1/12/07 13:34,4,0.521,1,1
118,6,1/12/07 13:34,4,0.54,1,1
118,6,1/12/07 13:34,6,0.557,1,1
118,6,1/12/07 13:34,8,0.081,2,1
118,6,1/12/07 13:34,8,0.179,2,1
118,6,1/12/07 13:34,8,0.571,2,1
119,4,1/12/07 13:50,4,1.872,2,0
119,4,1/12/07 13:50,4,2.332,1,1
119,4,1/12/07 13:50,6,1.279,1,1
119,4,1/12/07 13:50,6,5.523,1,1
119,4,1/12/07 13:50,8,1.631,2,1
119,4,1/12/07 13:51,4,0.994,1,0
119,4,1/12/07 13:51,4,1.764,2,1
119,4,1/12/07 13:51,4,2.981,1,0
119,4,1/12/07 13:51,6,0.933,1,1
119,4,1/12/07 13:51,6,0.937,1,1
119,4,1/12/07 13:51,6,1.24,1,1
119,4,1/12/07 13:51,6,1.297,1,1
119,4,1/12/07 13:51,8,0.475,2,1
119,4,1/12/07 13:51,8,1.489,1,1
119,4,1/12/07 13:51,8,1.493,2,1
119,4,1/12/07 13:51,8,1.913,1,1
119,4,1/12/07 13:52,4,0.858,1,0
119,4,1/12/07 13:52,4,1.332,2,1
119,4,1/12/07 13:52,4,1.602,1,0
119,4,1/12/07 13:52,4,1.808,2,0
119,4,1/12/07 13:52,6,0.509,1,1
119,4,1/12/07 13:52,6,0.546,1,1
119,4,1/12/07 13:52,6,0.633,1,1
119,4,1/12/07 13:52,6,1.229,2,1
119,4,1/12/07 13:52,6,1.965,1,1
119,4,1/12/07 13:52,8,0.838,2,1
119,4,1/12/07 13:52,8,0.885,2,0
119,4,1/12/07 13:52,8,1.053,1,1
119,4,1/12/07 13:53,6,0.326,2,1
119,4,1/12/07 13:53,8,2.263,2,1
120,1,1/29/07 18:32,4,1.445,1,1
120,1,1/29/07 18:32,8,1.561,1,1
120,1,1/29/07 18:32,8,2.766,1,1
120,1,1/29/07 18:33,4,0.424,1,1
120,1,1/29/07 18:33,4,0.479,2,1
120,1,1/29/07 18:33,4,0.796,2,1
120,1,1/29/07 18:33,4,1.116,1,1
120,1,1/29/07 18:33,6,0.245,2,1
120,1,1/29/07 18:33,6,0.895,2,1
120,1,1/29/07 18:33,6,0.989,1,1
120,1,1/29/07 18:33,6,1.087,1,1
120,1,1/29/07 18:33,8,0.364,2,1
120,1,1/29/07 18:33,8,0.375,1,1
120,1,1/29/07 18:33,8,0.477,2,1
120,1,1/29/07 18:33,8,0.652,2,1
120,1,1/29/07 18:33,8,1.058,2,1
120,1,1/29/07 18:34,4,0.191,1,1
120,1,1/29/07 18:34,4,0.306,1,1
120,1,1/29/07 18:34,4,0.648,2,1
120,1,1/29/07 18:34,4,0.836,2,1
120,1,1/29/07 18:34,6,0.417,2,1
120,1,1/29/07 18:34,6,0.459,2,1
120,1,1/29/07 18:34,6,1.422,2,1
120,1,1/29/07 18:34,8,0.251,1,1
120,1,1/29/07 18:34,8,0.287,2,1
120,1,1/29/07 18:34,8,0.325,2,1
120,1,1/29/07 18:34,8,0.395,2,1
120,1,1/29/07 18:34,8,0.418,2,1
120,1,1/29/07 18:34,8,0.736,1,1
120,1,1/29/07 18:35,6,0.601,2,1
121,24,1/30/07 12:13,4,0.997,1,0
121,24,1/30/07 12:13,4,1.004,1,1
121,24,1/30/07 12:13,6,0.608,2,1
121,24,1/30/07 12:13,6,0.837,1,1
121,24,1/30/07 12:13,6,3.44,2,0
121,24,1/30/07 12:13,8,0.7,2,1
121,24,1/30/07 12:13,8,1.197,1,1
121,24,1/30/07 12:13,8,3.575,1,1
121,24,1/30/07 12:14,4,0.071,2,1
121,24,1/30/07 12:14,4,0.351,2,1
121,24,1/30/07 12:14,4,0.379,1,1
121,24,1/30/07 12:14,4,0.432,1,1
121,24,1/30/07 12:14,4,0.6,2,1
121,24,1/30/07 12:14,4,1.044,2,1
121,24,1/30/07 12:14,4,1.218,2,1
121,24,1/30/07 12:14,4,1.473,2,1
121,24,1/30/07 12:14,6,0.828,1,1
121,24,1/30/07 12:14,6,1.59,1,1
121,24,1/30/07 12:14,8,0.637,1,1
121,24,1/30/07 12:14,8,0.691,2,0
121,24,1/30/07 12:14,8,1.126,1,0
121,24,1/30/07 12:15,4,0.224,1,0
121,24,1/30/07 12:15,4,0.231,1,0
121,24,1/30/07 12:15,4,0.393,1,0
121,24,1/30/07 12:15,4,0.556,1,0
121,24,1/30/07 12:15,6,0.177,1,1
121,24,1/30/07 12:15,6,0.197,2,1
121,24,1/30/07 12:15,6,0.318,1,1
121,24,1/30/07 12:15,8,0.135,1,1
121,24,1/30/07 12:15,8,0.361,2,0
122,12,1/30/07 15:07,8,3.004,2,1
122,12,1/30/07 15:08,4,1.133,2,1
122,12,1/30/07 15:08,4,1.208,2,1
122,12,1/30/07 15:08,4,3.888,2,1
122,12,1/30/07 15:08,6,1.005,1,1
122,12,1/30/07 15:08,6,1.168,1,1
122,12,1/30/07 15:08,6,2.095,1,0
122,12,1/30/07 15:08,8,1.011,1,1
122,12,1/30/07 15:08,8,1.444,2,1
122,12,1/30/07 15:08,8,3.319,1,0
122,12,1/30/07 15:08,8,4.508,2,1
122,12,1/30/07 15:09,4,0.528,1,1
122,12,1/30/07 15:09,4,0.836,1,1
122,12,1/30/07 15:09,4,0.991,2,1
122,12,1/30/07 15:09,4,2.039,2,1
122,12,1/30/07 15:09,4,4.412,2,0
122,12,1/30/07 15:09,6,1.126,1,0
122,12,1/30/07 15:09,6,2.294,2,1
122,12,1/30/07 15:09,6,2.84,1,0
122,12,1/30/07 15:09,8,1.027,2,1
122,12,1/30/07 15:09,8,1.896,2,0
122,12,1/30/07 15:09,8,3.243,2,0
122,12,1/30/07 15:10,4,0.541,2,1
122,12,1/30/07 15:10,4,0.615,2,1
122,12,1/30/07 15:10,4,8.445,1,0
122,12,1/30/07 15:10,6,0.487,2,1
122,12,1/30/07 15:10,6,0.671,1,0
122,12,1/30/07 15:10,6,2.078,2,1
122,12,1/30/07 15:10,8,0.47,2,1
122,12,1/30/07 15:10,8,4.474,2,1
123,6,1/31/07 12:01,4,0.583,2,1
123,6,1/31/07 12:01,4,1.264,2,1
123,6,1/31/07 12:01,4,1.875,2,1
123,6,1/31/07 12:01,6,3.063,2,1
123,6,1/31/07 12:01,8,0.526,2,1
123,6,1/31/07 12:01,8,1.35,2,1
123,6,1/31/07 12:01,8,1.944,1,1
123,6,1/31/07 12:02,4,0.488,1,1
123,6,1/31/07 12:02,4,0.644,1,1
123,6,1/31/07 12:02,4,1.147,2,1
123,6,1/31/07 12:02,4,1.701,1,1
123,6,1/31/07 12:02,6,0.735,2,1
123,6,1/31/07 12:02,6,1.016,2,1
123,6,1/31/07 12:02,6,1.525,2,1
123,6,1/31/07 12:02,6,1.618,2,1
123,6,1/31/07 12:02,6,2.133,2,1
123,6,1/31/07 12:02,8,0.477,2,1
123,6,1/31/07 12:02,8,0.487,2,1
123,6,1/31/07 12:02,8,0.734,2,1
123,6,1/31/07 12:03,4,0.198,1,1
123,6,1/31/07 12:03,4,0.631,2,1
123,6,1/31/07 12:03,4,0.941,1,1
123,6,1/31/07 12:03,6,0.34,2,1
123,6,1/31/07 12:03,6,0.507,2,1
123,6,1/31/07 12:03,6,0.604,2,1
123,6,1/31/07 12:03,6,1.948,1,1
123,6,1/31/07 12:03,8,0.402,1,1
123,6,1/31/07 12:03,8,0.44,2,1
123,6,1/31/07 12:03,8,0.511,1,1
123,6,1/31/07 12:03,8,0.531,1,1
124,4,1/31/07 14:24,6,1.586,1,1
124,4,1/31/07 14:24,6,3.522,1,1
124,4,1/31/07 14:24,8,2.1,1,0
124,4,1/31/07 14:24,8,4.336,1,1
124,4,1/31/07 14:25,4,1.009,2,1
124,4,1/31/07 14:25,4,1.022,2,1
124,4,1/31/07 14:25,4,3.419,1,1
124,4,1/31/07 14:25,6,0.879,2,1
124,4,1/31/07 14:25,6,0.88,1,1
124,4,1/31/07 14:25,6,1.594,2,1
124,4,1/31/07 14:25,6,1.912,1,1
124,4,1/31/07 14:25,6,2.069,2,1
124,4,1/31/07 14:25,8,0.72,1,0
124,4,1/31/07 14:25,8,1.679,1,0
124,4,1/31/07 14:25,8,2.353,1,0
124,4,1/31/07 14:26,4,0.455,1,0
124,4,1/31/07 14:26,4,0.604,1,1
124,4,1/31/07 14:26,4,0.639,2,1
124,4,1/31/07 14:26,4,1.091,1,1
124,4,1/31/07 14:26,6,0.523,2,0
124,4,1/31/07 14:26,6,0.772,2,1
124,4,1/31/07 14:26,6,0.852,2,0
124,4,1/31/07 14:26,6,1.768,2,1
124,4,1/31/07 14:26,6,1.867,1,1
124,4,1/31/07 14:26,8,0.438,2,0
124,4,1/31/07 14:26,8,0.538,2,1
124,4,1/31/07 14:26,8,0.545,2,1
124,4,1/31/07 14:26,8,1.006,1,1
124,4,1/31/07 14:27,4,1.05,2,1
124,4,1/31/07 14:27,6,1.176,2,1
125,3,1/31/07 15:18,4,1.008,1,1
125,3,1/31/07 15:18,4,5.437,2,1
125,3,1/31/07 15:18,6,0.778,1,1
125,3,1/31/07 15:18,6,1.043,2,1
125,3,1/31/07 15:18,8,0.444,1,1
125,3,1/31/07 15:19,4,0.514,1,1
125,3,1/31/07 15:19,4,0.82,2,1
125,3,1/31/07 15:19,6,0.049,2,1
125,3,1/31/07 15:19,6,0.374,2,1
125,3,1/31/07 15:19,6,0.406,2,1
125,3,1/31/07 15:19,6,0.535,2,1
125,3,1/31/07 15:19,6,0.659,1,1
125,3,1/31/07 15:19,6,0.661,2,1
125,3,1/31/07 15:19,6,0.782,2,1
125,3,1/31/07 15:19,6,0.8,1,1
125,3,1/31/07 15:19,8,0.186,2,1
125,3,1/31/07 15:19,8,0.274,1,1
125,3,1/31/07 15:19,8,0.76,2,1
125,3,1/31/07 15:20,4,0.218,1,1
125,3,1/31/07 15:20,4,0.311,1,1
125,3,1/31/07 15:20,4,0.553,1,1
125,3,1/31/07 15:20,4,0.655,1,1
125,3,1/31/07 15:20,6,0.177,2,1
125,3,1/31/07 15:20,6,0.198,1,1
125,3,1/31/07 15:20,6,0.218,2,1
125,3,1/31/07 15:20,6,0.223,2,1
125,3,1/31/07 15:20,6,0.258,2,1
125,3,1/31/07 15:20,6,0.673,1,1
125,3,1/31/07 15:20,8,0.292,2,1
125,3,1/31/07 15:20,8,0.325,2,1
12,6,10/29/06 11:53,4,2.003,1,1
12,6,10/29/06 11:53,6,0.825,1,1
12,6,10/29/06 11:54,4,0.065,2,0
12,6,10/29/06 11:54,4,0.075,2,1
12,6,10/29/06 11:54,4,0.131,1,1
12,6,10/29/06 11:54,4,0.245,1,0
12,6,10/29/06 11:54,4,0.499,2,0
12,6,10/29/06 11:54,4,0.754,1,1
12,6,10/29/06 11:54,4,0.86,1,0
12,6,10/29/06 11:54,6,0.438,1,1
12,6,10/29/06 11:54,6,0.592,1,1
12,6,10/29/06 11:54,6,0.625,1,0
12,6,10/29/06 11:54,8,0.189,2,0
12,6,10/29/06 11:54,8,0.252,2,0
12,6,10/29/06 11:54,8,0.496,2,0
12,6,10/29/06 11:54,8,0.617,1,1
12,6,10/29/06 11:55,4,0.107,1,1
12,6,10/29/06 11:55,4,0.266,2,1
12,6,10/29/06 11:55,4,0.335,1,1
12,6,10/29/06 11:55,4,1.083,1,0
12,6,10/29/06 11:55,6,0.071,2,1
12,6,10/29/06 11:55,6,0.14,2,0
12,6,10/29/06 11:55,6,0.15,1,1
12,6,10/29/06 11:55,6,0.151,2,0
12,6,10/29/06 11:55,6,0.164,2,1
12,6,10/29/06 11:55,6,0.174,2,1
12,6,10/29/06 11:55,6,0.289,2,0
12,6,10/29/06 11:55,8,0,1,1
12,6,10/29/06 11:55,8,0.414,1,1
12,6,10/29/06 11:55,8,0.68,1,1
126,24,2/1/07 12:10,4,1.329,1,0
126,24,2/1/07 12:10,4,2.025,1,1
126,24,2/1/07 12:10,6,0.824,1,0
126,24,2/1/07 12:10,6,2.264,2,1
126,24,2/1/07 12:10,8,0.738,1,0
126,24,2/1/07 12:10,8,2.946,2,1
126,24,2/1/07 12:11,4,0.549,2,1
126,24,2/1/07 12:11,4,0.567,2,1
126,24,2/1/07 12:11,4,0.582,2,0
126,24,2/1/07 12:11,4,0.695,2,1
126,24,2/1/07 12:11,4,0.783,2,1
126,24,2/1/07 12:11,6,0.465,2,1
126,24,2/1/07 12:11,6,0.528,1,1
126,24,2/1/07 12:11,6,1.262,2,1
126,24,2/1/07 12:11,8,0.632,1,1
126,24,2/1/07 12:11,8,0.642,1,1
126,24,2/1/07 12:11,8,0.813,1,0
126,24,2/1/07 12:11,8,0.829,2,0
126,24,2/1/07 12:11,8,2.443,2,1
126,24,2/1/07 12:12,4,1.357,2,0
126,24,2/1/07 12:12,4,1.487,2,1
126,24,2/1/07 12:12,6,0.439,1,1
126,24,2/1/07 12:12,6,0.884,1,0
126,24,2/1/07 12:12,6,1.47,2,1
126,24,2/1/07 12:12,6,1.587,1,1
126,24,2/1/07 12:12,8,0.324,1,1
126,24,2/1/07 12:12,8,0.406,1,1
126,24,2/1/07 12:12,8,0.504,2,0
126,24,2/1/07 12:12,8,0.84,1,0
126,24,2/1/07 12:12,8,1.366,1,1
127,12,2/1/07 15:20,4,0.584,1,0
127,12,2/1/07 15:20,4,0.766,1,1
127,12,2/1/07 15:20,4,0.831,2,1
127,12,2/1/07 15:20,4,0.882,2,1
127,12,2/1/07 15:20,8,1.009,2,1
127,12,2/1/07 15:20,8,4.067,2,0
127,12,2/1/07 15:21,4,0.434,1,1
127,12,2/1/07 15:21,4,0.508,2,1
127,12,2/1/07 15:21,4,0.966,2,1
127,12,2/1/07 15:21,4,1.191,1,1
127,12,2/1/07 15:21,4,1.482,1,1
127,12,2/1/07 15:21,4,2.431,2,1
127,12,2/1/07 15:21,6,0.151,1,1
127,12,2/1/07 15:21,6,0.279,1,1
127,12,2/1/07 15:21,6,1.437,1,0
127,12,2/1/07 15:21,8,0.146,1,0
127,12,2/1/07 15:21,8,0.178,1,1
127,12,2/1/07 15:21,8,0.302,1,1
127,12,2/1/07 15:21,8,0.795,2,0
127,12,2/1/07 15:22,4,0.265,1,1
127,12,2/1/07 15:22,4,0.571,1,1
127,12,2/1/07 15:22,4,0.597,2,1
127,12,2/1/07 15:22,4,1.27,1,0
127,12,2/1/07 15:22,6,0.37,2,1
127,12,2/1/07 15:22,6,1.104,1,1
127,12,2/1/07 15:22,6,1.208,2,1
127,12,2/1/07 15:22,8,0.329,2,0
127,12,2/1/07 15:22,8,0.464,1,0
127,12,2/1/07 15:22,8,0.944,1,0
127,12,2/1/07 15:22,8,0.952,1,0
128,6,2/1/07 17:00,4,1.088,2,1
128,6,2/1/07 17:00,6,1.532,1,1
128,6,2/1/07 17:01,4,1.033,1,1
128,6,2/1/07 17:01,4,2.02,2,1
128,6,2/1/07 17:01,4,2.093,2,1
128,6,2/1/07 17:01,4,2.279,1,1
128,6,2/1/07 17:01,4,3.871,1,1
128,6,2/1/07 17:01,6,1.195,1,1
128,6,2/1/07 17:01,6,1.447,1,1
128,6,2/1/07 17:01,6,3.326,2,1
128,6,2/1/07 17:01,8,1.557,1,1
128,6,2/1/07 17:01,8,2.051,2,1
128,6,2/1/07 17:02,4,2.824,1,1
128,6,2/1/07 17:02,4,3.743,2,0
128,6,2/1/07 17:02,4,6.02,1,1
128,6,2/1/07 17:02,6,1.198,1,1
128,6,2/1/07 17:02,6,2.879,1,1
128,6,2/1/07 17:02,8,1.929,2,1
128,6,2/1/07 17:02,8,4.358,1,0
128,6,2/1/07 17:02,8,5.456,2,1
128,6,2/1/07 17:03,4,2.979,2,0
128,6,2/1/07 17:03,4,3.674,1,1
128,6,2/1/07 17:03,4,4.046,1,0
128,6,2/1/07 17:03,4,4.467,1,0
128,6,2/1/07 17:03,6,0.144,2,1
128,6,2/1/07 17:03,6,0.274,1,1
128,6,2/1/07 17:03,6,0.488,2,0
128,6,2/1/07 17:03,6,0.677,1,0
128,6,2/1/07 17:03,6,1.213,1,1
128,6,2/1/07 17:03,8,2.49,1,1
129,4,2/2/07 12:19,4,2.888,2,1
129,4,2/2/07 12:19,8,0.578,2,1
129,4,2/2/07 12:19,8,2.715,1,0
129,4,2/2/07 12:19,8,6.176,1,1
129,4,2/2/07 12:20,4,0.434,1,1
129,4,2/2/07 12:20,4,0.881,1,1
129,4,2/2/07 12:20,4,0.906,2,1
129,4,2/2/07 12:20,4,1.387,1,1
129,4,2/2/07 12:20,4,2.815,1,0
129,4,2/2/07 12:20,6,0.34,2,1
129,4,2/2/07 12:20,6,0.57,1,1
129,4,2/2/07 12:20,6,1.265,1,0
129,4,2/2/07 12:20,8,0.384,1,1
129,4,2/2/07 12:20,8,0.661,1,1
129,4,2/2/07 12:20,8,1.059,2,1
129,4,2/2/07 12:20,8,3.495,2,1
129,4,2/2/07 12:21,4,0.616,2,1
129,4,2/2/07 12:21,4,0.699,1,1
129,4,2/2/07 12:21,4,1.382,2,1
129,4,2/2/07 12:21,4,1.559,2,1
129,4,2/2/07 12:21,6,0.191,1,1
129,4,2/2/07 12:21,6,0.387,1,1
129,4,2/2/07 12:21,6,0.558,2,1
129,4,2/2/07 12:21,6,1.608,2,0
129,4,2/2/07 12:21,6,1.67,1,1
129,4,2/2/07 12:21,6,2.447,1,1
129,4,2/2/07 12:21,8,1.25,1,0
129,4,2/2/07 12:21,8,2.031,2,0
129,4,2/2/07 12:22,4,2.545,1,1
129,4,2/2/07 12:22,8,1.153,1,0
130,3,1/29/07 10:48,4,0.631,1,1
130,3,1/29/07 10:48,4,1.071,2,1
130,3,1/29/07 10:48,6,0.35,1,0
130,3,1/29/07 10:48,8,0.24,1,1
130,3,1/29/07 10:48,8,0.61,2,1
130,3,1/29/07 10:49,4,0.385,2,1
130,3,1/29/07 10:49,4,1.034,2,0
130,3,1/29/07 10:49,4,1.138,1,1
130,3,1/29/07 10:49,4,7.349,2,1
130,3,1/29/07 10:49,6,0.491,2,1
130,3,1/29/07 10:49,6,0.819,1,1
130,3,1/29/07 10:49,8,0.183,1,1
130,3,1/29/07 10:49,8,0.22,1,1
130,3,1/29/07 10:49,8,0.437,1,1
130,3,1/29/07 10:49,8,0.955,1,1
130,3,1/29/07 10:49,8,1.012,1,1
130,3,1/29/07 10:50,4,0.23,1,1
130,3,1/29/07 10:50,4,0.428,2,1
130,3,1/29/07 10:50,4,0.741,2,1
130,3,1/29/07 10:50,6,0.213,1,1
130,3,1/29/07 10:50,6,0.533,2,1
130,3,1/29/07 10:50,6,0.669,1,1
130,3,1/29/07 10:50,6,0.758,2,1
130,3,1/29/07 10:50,6,0.85,2,1
130,3,1/29/07 10:50,6,0.94,2,0
130,3,1/29/07 10:50,8,0.198,1,1
130,3,1/29/07 10:50,8,0.208,2,1
130,3,1/29/07 10:50,8,0.554,2,1
130,3,1/29/07 10:50,8,0.594,2,1
130,3,1/29/07 10:50,8,1.039,2,1
131,2,1/29/07 18:18,6,0.543,2,1
131,2,1/29/07 18:18,6,0.639,2,1
131,2,1/29/07 18:18,6,1.384,2,0
131,2,1/29/07 18:18,8,0.387,1,1
131,2,1/29/07 18:18,8,0.467,1,0
131,2,1/29/07 18:18,8,2.567,1,1
131,2,1/29/07 18:19,4,0.405,1,1
131,2,1/29/07 18:19,4,0.642,2,1
131,2,1/29/07 18:19,4,1.84,1,1
131,2,1/29/07 18:19,4,3.211,2,0
131,2,1/29/07 18:19,6,0.272,1,1
131,2,1/29/07 18:19,6,0.368,1,1
131,2,1/29/07 18:19,6,0.978,2,1
131,2,1/29/07 18:19,6,2.715,2,1
131,2,1/29/07 18:19,6,3.705,1,1
131,2,1/29/07 18:19,8,0.635,1,1
131,2,1/29/07 18:19,8,0.687,1,1
131,2,1/29/07 18:19,8,0.885,2,1
131,2,1/29/07 18:20,4,0.483,2,1
131,2,1/29/07 18:20,4,0.788,2,1
131,2,1/29/07 18:20,4,5.25,2,0
131,2,1/29/07 18:20,6,0.489,2,1
131,2,1/29/07 18:20,8,0.202,2,1
131,2,1/29/07 18:20,8,0.246,2,1
131,2,1/29/07 18:20,8,0.409,1,1
131,2,1/29/07 18:20,8,0.582,1,0
131,2,1/29/07 18:20,8,1.05,1,1
131,2,1/29/07 18:20,8,1.653,1,1
131,2,1/29/07 18:20,8,3.472,2,0
131,2,1/29/07 18:21,4,0.33,2,1
132,1,1/31/07 16:33,4,1.087,1,1
132,1,1/31/07 16:33,4,1.738,1,1
132,1,1/31/07 16:33,6,0.537,2,1
132,1,1/31/07 16:33,8,0.858,2,1
132,1,1/31/07 16:33,8,0.958,1,1
132,1,1/31/07 16:33,8,8.69,1,1
132,1,1/31/07 16:34,4,0.333,2,1
132,1,1/31/07 16:34,4,0.367,1,1
132,1,1/31/07 16:34,4,0.4,1,1
132,1,1/31/07 16:34,4,0.502,2,1
132,1,1/31/07 16:34,4,1.671,2,1
132,1,1/31/07 16:34,6,0.265,2,1
132,1,1/31/07 16:34,6,0.361,1,1
132,1,1/31/07 16:34,6,0.562,1,1
132,1,1/31/07 16:34,6,1.199,2,1
132,1,1/31/07 16:34,8,0.299,2,1
132,1,1/31/07 16:34,8,0.317,1,1
132,1,1/31/07 16:34,8,0.426,2,1
132,1,1/31/07 16:34,8,0.427,2,1
132,1,1/31/07 16:34,8,0.46,2,1
132,1,1/31/07 16:35,4,0.481,1,1
132,1,1/31/07 16:35,4,0.863,2,1
132,1,1/31/07 16:35,6,0.302,2,1
132,1,1/31/07 16:35,6,0.34,2,1
132,1,1/31/07 16:35,6,0.604,2,1
132,1,1/31/07 16:35,8,0.28,2,1
132,1,1/31/07 16:35,8,0.421,1,1
132,1,1/31/07 16:35,8,0.424,1,1
132,1,1/31/07 16:35,8,0.452,2,1
132,1,1/31/07 16:35,8,0.487,2,1
133,8,2/1/07 15:21,4,0.416,1,1
133,8,2/1/07 15:21,4,1.52,2,1
133,8,2/1/07 15:21,6,0.539,2,1
133,8,2/1/07 15:21,6,0.545,1,1
133,8,2/1/07 15:21,6,2.384,1,0
133,8,2/1/07 15:21,8,0.818,1,1
133,8,2/1/07 15:21,8,1.032,2,1
133,8,2/1/07 15:22,4,0.184,1,1
133,8,2/1/07 15:22,4,0.434,2,1
133,8,2/1/07 15:22,4,0.686,2,0
133,8,2/1/07 15:22,6,0.381,2,1
133,8,2/1/07 15:22,6,0.743,2,1
133,8,2/1/07 15:22,6,0.835,2,1
133,8,2/1/07 15:22,6,2.647,1,0
133,8,2/1/07 15:22,8,0.257,1,1
133,8,2/1/07 15:22,8,0.332,1,1
133,8,2/1/07 15:22,8,0.478,1,1
133,8,2/1/07 15:22,8,2.231,1,1
133,8,2/1/07 15:22,8,2.745,1,1
133,8,2/1/07 15:23,4,0.107,1,1
133,8,2/1/07 15:23,4,0.276,1,1
133,8,2/1/07 15:23,4,0.53,2,0
133,8,2/1/07 15:23,4,1.381,2,1
133,8,2/1/07 15:23,4,2.201,1,1
133,8,2/1/07 15:23,6,0.554,1,1
133,8,2/1/07 15:23,8,0.261,1,1
133,8,2/1/07 15:23,8,0.324,2,1
133,8,2/1/07 15:23,8,0.427,2,1
133,8,2/1/07 15:23,8,0.786,2,1
133,8,2/1/07 15:23,8,2.065,1,1
13,4,10/29/06 12:05,4,0.714,1,0
13,4,10/29/06 12:05,4,1.003,2,1
13,4,10/29/06 12:05,4,1.483,2,1
13,4,10/29/06 12:05,4,2.041,2,1
13,4,10/29/06 12:05,6,0.513,1,1
13,4,10/29/06 12:05,6,0.525,1,1
13,4,10/29/06 12:05,6,0.646,2,0
13,4,10/29/06 12:05,8,0.286,1,1
13,4,10/29/06 12:05,8,0.334,1,1
13,4,10/29/06 12:05,8,0.5,2,1
13,4,10/29/06 12:05,8,0.615,1,1
13,4,10/29/06 12:05,8,0.665,1,1
13,4,10/29/06 12:06,4,1.375,2,1
13,4,10/29/06 12:06,4,1.562,2,1
13,4,10/29/06 12:06,4,1.868,2,0
13,4,10/29/06 12:06,6,0.177,1,1
13,4,10/29/06 12:06,6,0.258,1,0
13,4,10/29/06 12:06,6,0.601,2,1
13,4,10/29/06 12:06,6,0.684,2,0
13,4,10/29/06 12:06,6,1.363,2,0
13,4,10/29/06 12:06,8,0.361,1,1
13,4,10/29/06 12:06,8,0.934,2,1
13,4,10/29/06 12:06,8,1.362,2,1
13,4,10/29/06 12:06,8,1.558,2,1
13,4,10/29/06 12:07,6,0.191,1,1
13,4,10/29/06 12:07,6,0.782,1,1
13,4,10/29/06 12:07,6,0.988,1,1
13,4,10/29/06 12:07,6,1.166,2,1
13,4,10/29/06 12:07,8,0.883,1,0
13,4,10/29/06 12:07,8,1.49,1,0
134,8,1/30/07 15:36,4,0.227,1,1
134,8,1/30/07 15:36,4,0.434,2,1
134,8,1/30/07 15:36,4,0.736,2,0
134,8,1/30/07 15:36,6,0.482,1,1
134,8,1/30/07 15:36,6,1.084,2,1
134,8,1/30/07 15:36,6,1.485,2,1
134,8,1/30/07 15:37,4,0.31,2,1
134,8,1/30/07 15:37,4,0.34,1,1
134,8,1/30/07 15:37,4,0.545,2,1
134,8,1/30/07 15:37,4,0.674,2,0
134,8,1/30/07 15:37,6,0.293,2,1
134,8,1/30/07 15:37,6,0.407,1,1
134,8,1/30/07 15:37,6,0.553,2,1
134,8,1/30/07 15:37,8,0.318,2,1
134,8,1/30/07 15:37,8,0.372,1,1
134,8,1/30/07 15:37,8,0.438,1,1
134,8,1/30/07 15:37,8,0.512,1,1
134,8,1/30/07 15:37,8,0.591,1,1
134,8,1/30/07 15:37,8,3.168,2,0
134,8,1/30/07 15:38,4,0.352,1,1
134,8,1/30/07 15:38,4,1.787,2,1
134,8,1/30/07 15:38,6,0.433,1,1
134,8,1/30/07 15:38,6,0.437,2,1
134,8,1/30/07 15:38,6,0.651,2,1
134,8,1/30/07 15:38,6,0.756,2,1
134,8,1/30/07 15:38,8,0.194,2,1
134,8,1/30/07 15:38,8,0.296,1,1
134,8,1/30/07 15:38,8,0.355,1,1
134,8,1/30/07 15:38,8,0.404,1,1
134,8,1/30/07 15:38,8,0.441,2,1
135,24,1/10/07 17:59,6,2,2,0
135,24,1/10/07 17:59,6,4.792,2,0
135,24,1/10/07 17:59,8,0.909,1,0
135,24,1/10/07 18:00,4,0.897,1,0
135,24,1/10/07 18:00,4,0.97,2,0
135,24,1/10/07 18:00,4,1.312,1,0
135,24,1/10/07 18:00,4,2.49,1,0
135,24,1/10/07 18:00,6,0.341,1,0
135,24,1/10/07 18:00,6,0.574,1,1
135,24,1/10/07 18:00,6,1.6,2,0
135,24,1/10/07 18:00,6,2.608,2,1
135,24,1/10/07 18:00,8,0.676,2,1
135,24,1/10/07 18:00,8,0.774,2,0
135,24,1/10/07 18:00,8,0.798,2,0
135,24,1/10/07 18:00,8,0.823,1,1
135,24,1/10/07 18:01,4,1.109,2,0
135,24,1/10/07 18:01,4,1.164,1,0
135,24,1/10/07 18:01,4,1.321,1,0
135,24,1/10/07 18:01,4,1.547,2,0
135,24,1/10/07 18:01,6,0.433,2,0
135,24,1/10/07 18:01,6,0.44,2,1
135,24,1/10/07 18:01,6,0.681,2,0
135,24,1/10/07 18:01,6,1.134,2,0
135,24,1/10/07 18:01,6,2.573,2,1
135,24,1/10/07 18:01,8,0.313,2,0
135,24,1/10/07 18:01,8,0.342,1,1
135,24,1/10/07 18:01,8,0.428,1,0
135,24,1/10/07 18:01,8,0.742,1,1
135,24,1/10/07 18:02,4,2.253,1,0
135,24,1/10/07 18:02,8,0.384,1,1
136,2,11/14/06 11:14,6,0.393,2,1
136,2,11/14/06 11:14,6,0.974,2,1
136,2,11/14/06 11:14,8,0.368,1,0
136,2,11/14/06 11:14,8,0.51,1,0
136,2,11/14/06 11:15,4,0.252,2,1
136,2,11/14/06 11:15,6,0.184,2,1
136,2,11/14/06 11:15,6,0.304,1,0
136,2,11/14/06 11:15,6,0.306,2,0
136,2,11/14/06 11:15,6,0.326,2,0
136,2,11/14/06 11:15,6,0.677,1,0
136,2,11/14/06 11:15,6,0.772,1,0
136,2,11/14/06 11:15,6,1.063,1,0
136,2,11/14/06 11:15,6,1.866,2,0
136,2,11/14/06 11:15,8,0.283,1,1
136,2,11/14/06 11:15,8,0.292,1,1
136,2,11/14/06 11:15,8,0.367,1,0
136,2,11/14/06 11:15,8,0.428,1,0
136,2,11/14/06 11:16,4,0.514,2,0
136,2,11/14/06 11:16,4,1.787,2,1
136,2,11/14/06 11:16,6,0.232,1,0
136,2,11/14/06 11:16,6,0.245,2,0
136,2,11/14/06 11:16,6,0.32,2,0
136,2,11/14/06 11:16,6,0.354,2,1
136,2,11/14/06 11:16,6,0.771,2,1
136,2,11/14/06 11:16,6,0.884,1,0
136,2,11/14/06 11:16,8,0.186,2,0
136,2,11/14/06 11:16,8,0.236,2,1
136,2,11/14/06 11:16,8,0.236,2,1
136,2,11/14/06 11:16,8,0.262,2,0
136,2,11/14/06 11:16,8,0.273,2,0
14,4,10/29/06 12:19,4,0.519,1,1
14,4,10/29/06 12:19,6,0.22,1,1
14,4,10/29/06 12:19,6,2.673,2,1
14,4,10/29/06 12:19,6,3.55,2,1
14,4,10/29/06 12:19,8,0.564,2,1
14,4,10/29/06 12:19,8,1.233,2,1
14,4,10/29/06 12:19,8,1.621,1,1
14,4,10/29/06 12:20,4,0.175,2,0
14,4,10/29/06 12:20,4,0.458,2,1
14,4,10/29/06 12:20,4,0.694,1,1
14,4,10/29/06 12:20,4,0.966,1,0
14,4,10/29/06 12:20,4,2.41,1,1
14,4,10/29/06 12:20,4,3.36,1,0
14,4,10/29/06 12:20,6,0.463,2,1
14,4,10/29/06 12:20,6,0.975,1,1
14,4,10/29/06 12:20,6,1.761,1,1
14,4,10/29/06 12:20,8,0.352,2,0
14,4,10/29/06 12:21,4,1.767,1,1
14,4,10/29/06 12:21,4,1.799,1,0
14,4,10/29/06 12:21,4,2.563,2,1
14,4,10/29/06 12:21,6,0.659,2,1
14,4,10/29/06 12:21,6,2.321,2,1
14,4,10/29/06 12:21,6,2.472,1,0
14,4,10/29/06 12:21,6,2.534,1,1
14,4,10/29/06 12:21,8,0,2,0
14,4,10/29/06 12:21,8,0.299,2,0
14,4,10/29/06 12:21,8,0.995,1,1
14,4,10/29/06 12:22,4,2.35,1,1
14,4,10/29/06 12:22,6,1.575,2,1
14,4,10/29/06 12:22,8,2.301,1,1
15,2,10/29/06 13:15,4,0.506,2,1
15,2,10/29/06 13:15,6,0.462,1,1
15,2,10/29/06 13:15,6,0.886,2,1
15,2,10/29/06 13:15,8,0.966,2,0
15,2,10/29/06 13:15,8,1.084,2,1
15,2,10/29/06 13:16,4,7.487,1,0
15,2,10/29/06 13:16,6,0.33,1,1
15,2,10/29/06 13:16,6,0.591,2,0
15,2,10/29/06 13:16,6,1.238,2,0
15,2,10/29/06 13:16,6,2.696,2,1
15,2,10/29/06 13:16,6,4.077,2,1
15,2,10/29/06 13:16,8,1.526,2,1
15,2,10/29/06 13:16,8,1.991,1,0
15,2,10/29/06 13:16,8,2.788,2,0
15,2,10/29/06 13:17,4,1.364,1,1
15,2,10/29/06 13:17,4,1.95,1,0
15,2,10/29/06 13:17,4,3.124,1,0
15,2,10/29/06 13:17,6,0.456,1,1
15,2,10/29/06 13:17,6,0.711,2,1
15,2,10/29/06 13:17,6,1.174,1,1
15,2,10/29/06 13:17,6,1.995,1,1
15,2,10/29/06 13:17,6,4.999,2,1
15,2,10/29/06 13:17,8,0.365,1,1
15,2,10/29/06 13:17,8,0.583,1,1
15,2,10/29/06 13:17,8,1.822,1,0
15,2,10/29/06 13:18,4,0.903,2,0
15,2,10/29/06 13:18,6,0.425,2,1
15,2,10/29/06 13:18,6,0.562,1,1
15,2,10/29/06 13:18,6,3.423,1,1
15,2,10/29/06 13:18,8,1.46,2,1
16,1,10/29/06 15:31,4,1.047,2,1
16,1,10/29/06 15:31,4,3.313,1,1
16,1,10/29/06 15:31,6,0.502,1,1
16,1,10/29/06 15:31,6,0.606,1,1
16,1,10/29/06 15:31,6,0.883,1,1
16,1,10/29/06 15:31,8,0.129,2,1
16,1,10/29/06 15:31,8,0.282,1,1
16,1,10/29/06 15:31,8,1.511,2,1
16,1,10/29/06 15:32,4,1.645,2,1
16,1,10/29/06 15:32,4,3.539,1,1
16,1,10/29/06 15:32,4,4.563,-1,0
16,1,10/29/06 15:32,6,1.366,1,1
16,1,10/29/06 15:32,8,2.031,1,0
16,1,10/29/06 15:32,8,2.093,1,1
16,1,10/29/06 15:32,8,3.874,1,1
16,1,10/29/06 15:33,4,2.882,2,0
16,1,10/29/06 15:33,4,3.315,1,0
16,1,10/29/06 15:33,4,3.375,1,1
16,1,10/29/06 15:33,6,0.229,1,1
16,1,10/29/06 15:33,6,0.737,-1,0
16,1,10/29/06 15:33,6,5.361,1,0
16,1,10/29/06 15:33,6,6.607,2,1
16,1,10/29/06 15:33,8,0.726,2,1
16,1,10/29/06 15:34,4,1.976,1,0
16,1,10/29/06 15:34,4,2.781,2,1
16,1,10/29/06 15:34,4,2.841,1,1
16,1,10/29/06 15:34,6,3.665,1,1
16,1,10/29/06 15:34,6,4.711,2,0
16,1,10/29/06 15:34,6,6.671,1,1
16,1,10/29/06 15:34,8,0.996,2,1
17,24,10/29/06 15:37,4,0.103,1,1
17,24,10/29/06 15:37,6,1.737,2,0
17,24,10/29/06 15:37,6,2.011,1,0
17,24,10/29/06 15:37,8,0.174,1,1
17,24,10/29/06 15:37,8,0.36,2,1
17,24,10/29/06 15:37,8,0.613,2,1
17,24,10/29/06 15:38,4,0.114,1,1
17,24,10/29/06 15:38,4,1.049,1,1
17,24,10/29/06 15:38,4,1.078,1,0
17,24,10/29/06 15:38,6,0.103,1,1
17,24,10/29/06 15:38,6,0.967,1,0
17,24,10/29/06 15:38,6,1.082,2,0
17,24,10/29/06 15:38,6,1.374,2,1
17,24,10/29/06 15:38,6,2.532,2,1
17,24,10/29/06 15:38,8,0.108,1,1
17,24,10/29/06 15:38,8,0.636,2,1
17,24,10/29/06 15:38,8,1.569,2,1
17,24,10/29/06 15:38,8,3.005,1,1
17,24,10/29/06 15:39,4,0.733,1,1
17,24,10/29/06 15:39,4,0.747,2,1
17,24,10/29/06 15:39,4,0.884,1,1
17,24,10/29/06 15:39,4,1.143,2,1
17,24,10/29/06 15:39,4,1.172,1,1
17,24,10/29/06 15:39,4,1.184,1,1
17,24,10/29/06 15:39,6,1.223,2,1
17,24,10/29/06 15:39,6,1.883,1,0
17,24,10/29/06 15:39,6,2.2,2,0
17,24,10/29/06 15:39,8,0.684,2,1
17,24,10/29/06 15:39,8,0.692,2,1
17,24,10/29/06 15:39,8,0.934,1,1
18,12,10/29/06 15:46,4,0.311,2,1
18,12,10/29/06 15:46,4,0.427,2,0
18,12,10/29/06 15:46,4,0.623,1,1
18,12,10/29/06 15:46,4,0.628,2,1
18,12,10/29/06 15:46,6,0.472,1,0
18,12,10/29/06 15:46,6,0.55,1,1
18,12,10/29/06 15:46,6,0.57,1,0
18,12,10/29/06 15:46,6,0.671,1,0
18,12,10/29/06 15:46,8,0.413,2,1
18,12,10/29/06 15:47,4,0.164,1,1
18,12,10/29/06 15:47,4,0.414,2,1
18,12,10/29/06 15:47,4,0.495,2,1
18,12,10/29/06 15:47,4,0.87,2,1
18,12,10/29/06 15:47,4,0.921,1,0
18,12,10/29/06 15:47,6,0.279,1,1
18,12,10/29/06 15:47,6,0.379,1,0
18,12,10/29/06 15:47,6,0.569,1,0
18,12,10/29/06 15:47,6,0.638,1,0
18,12,10/29/06 15:47,6,0.84,2,1
18,12,10/29/06 15:47,8,0.235,2,0
18,12,10/29/06 15:47,8,0.397,2,0
18,12,10/29/06 15:47,8,0.575,2,1
18,12,10/29/06 15:47,8,0.863,1,1
18,12,10/29/06 15:48,4,0.157,1,1
18,12,10/29/06 15:48,6,0.223,1,1
18,12,10/29/06 15:48,6,0.42,1,1
18,12,10/29/06 15:48,6,0.434,1,0
18,12,10/29/06 15:48,6,0.46,2,1
18,12,10/29/06 15:48,8,0.146,2,1
18,12,10/29/06 15:48,8,0.18,2,1
19,8,10/29/06 16:11,4,0.37,1,1
19,8,10/29/06 16:11,6,1.541,2,0
19,8,10/29/06 16:12,4,0.483,1,1
19,8,10/29/06 16:12,4,1.373,1,1
19,8,10/29/06 16:12,6,1.053,1,1
19,8,10/29/06 16:12,6,1.188,1,0
19,8,10/29/06 16:12,6,1.274,1,1
19,8,10/29/06 16:12,6,1.319,2,0
19,8,10/29/06 16:12,6,2.216,1,0
19,8,10/29/06 16:12,8,0.487,2,1
19,8,10/29/06 16:12,8,0.49,1,1
19,8,10/29/06 16:12,8,0.683,2,1
19,8,10/29/06 16:12,8,0.727,2,0
19,8,10/29/06 16:12,8,1.424,2,0
19,8,10/29/06 16:13,4,0.455,2,1
19,8,10/29/06 16:13,4,0.683,2,1
19,8,10/29/06 16:13,4,0.928,2,1
19,8,10/29/06 16:13,6,0.283,1,0
19,8,10/29/06 16:13,6,0.291,1,0
19,8,10/29/06 16:13,6,0.399,2,0
19,8,10/29/06 16:13,6,0.463,1,0
19,8,10/29/06 16:13,6,0.659,1,0
19,8,10/29/06 16:13,6,1.096,2,1
19,8,10/29/06 16:13,8,0.291,1,1
19,8,10/29/06 16:13,8,0.526,1,1
19,8,10/29/06 16:13,8,0.93,1,1
19,8,10/29/06 16:13,8,1.179,1,1
19,8,10/29/06 16:14,4,1.635,1,1
19,8,10/29/06 16:14,6,0.86,2,1
19,8,10/29/06 16:14,8,1.19,1,1
20,6,10/29/06 16:33,4,0.284,1,0
20,6,10/29/06 16:33,4,0.554,1,0
20,6,10/29/06 16:33,4,0.632,1,1
20,6,10/29/06 16:33,4,0.914,2,0
20,6,10/29/06 16:33,6,0.74,2,1
20,6,10/29/06 16:33,6,1.25,2,0
20,6,10/29/06 16:33,6,1.584,2,0
20,6,10/29/06 16:33,8,0.416,1,1
20,6,10/29/06 16:33,8,0.636,1,0
20,6,10/29/06 16:33,8,0.853,1,1
20,6,10/29/06 16:33,8,0.922,2,1
20,6,10/29/06 16:34,4,0.436,2,0
20,6,10/29/06 16:34,4,1.055,1,1
20,6,10/29/06 16:34,4,1.332,1,1
20,6,10/29/06 16:34,4,2.031,2,1
20,6,10/29/06 16:34,6,1.257,1,1
20,6,10/29/06 16:34,6,1.4,2,0
20,6,10/29/06 16:34,6,2.046,1,0
20,6,10/29/06 16:34,8,0.404,1,1
20,6,10/29/06 16:34,8,0.628,1,1
20,6,10/29/06 16:34,8,0.821,2,1
20,6,10/29/06 16:34,8,1.197,1,1
20,6,10/29/06 16:34,8,1.246,2,1
20,6,10/29/06 16:35,4,0.984,2,0
20,6,10/29/06 16:35,4,1.025,1,0
20,6,10/29/06 16:35,6,0.371,1,0
20,6,10/29/06 16:35,6,0.622,1,0
20,6,10/29/06 16:35,6,0.674,2,0
20,6,10/29/06 16:35,8,0.521,1,1
20,6,10/29/06 16:35,8,0.939,2,1
25,24,11/18/06 11:03,4,1.177,2,0
25,24,11/18/06 11:03,8,1.078,2,0
25,24,11/18/06 11:04,4,0.357,1,1
25,24,11/18/06 11:04,4,1.128,1,1
25,24,11/18/06 11:04,4,1.467,1,1
25,24,11/18/06 11:04,4,3.235,1,0
25,24,11/18/06 11:04,6,1.432,2,1
25,24,11/18/06 11:04,6,3.222,2,0
25,24,11/18/06 11:04,8,0.417,2,1
25,24,11/18/06 11:04,8,0.571,1,0
25,24,11/18/06 11:04,8,0.639,2,0
25,24,11/18/06 11:04,8,0.65,1,1
25,24,11/18/06 11:04,8,0.793,2,1
25,24,11/18/06 11:05,4,1.035,2,1
25,24,11/18/06 11:05,4,1.274,1,1
25,24,11/18/06 11:05,4,2.161,2,0
25,24,11/18/06 11:05,4,3.52,1,0
25,24,11/18/06 11:05,4,4.136,2,1
25,24,11/18/06 11:05,6,0.429,2,1
25,24,11/18/06 11:05,6,1.229,2,1
25,24,11/18/06 11:05,6,1.446,1,0
25,24,11/18/06 11:05,6,1.898,2,0
25,24,11/18/06 11:05,8,0.184,2,0
25,24,11/18/06 11:05,8,0.264,2,1
25,24,11/18/06 11:05,8,0.415,1,0
25,24,11/18/06 11:06,4,0.567,2,1
25,24,11/18/06 11:06,8,0.369,2,0
25,24,11/18/06 11:06,8,0.543,1,1
25,24,11/18/06 11:06,8,0.621,1,0
25,24,11/18/06 11:06,8,0.652,2,0
26,12,11/18/06 11:39,4,0.417,2,1
26,12,11/18/06 11:39,4,0.433,1,1
26,12,11/18/06 11:39,6,1.069,1,1
26,12,11/18/06 11:39,8,0.531,1,0
26,12,11/18/06 11:39,8,0.574,1,1
26,12,11/18/06 11:39,8,0.818,2,0
26,12,11/18/06 11:39,8,2.649,-1,0
26,12,11/18/06 11:40,4,0.187,1,1
26,12,11/18/06 11:40,4,1.621,2,1
26,12,11/18/06 11:40,4,2.224,2,0
26,12,11/18/06 11:40,4,3.603,1,1
26,12,11/18/06 11:40,4,3.871,1,1
26,12,11/18/06 11:40,8,0.889,2,1
26,12,11/18/06 11:40,8,0.933,2,1
26,12,11/18/06 11:40,8,1.157,2,1
26,12,11/18/06 11:40,8,2.451,2,0
26,12,11/18/06 11:41,4,0.517,1,1
26,12,11/18/06 11:41,4,1.607,2,1
26,12,11/18/06 11:41,6,0.363,2,1
26,12,11/18/06 11:41,6,0.873,2,1
26,12,11/18/06 11:41,6,0.978,2,1
26,12,11/18/06 11:41,6,1.247,2,1
26,12,11/18/06 11:41,6,1.292,1,1
26,12,11/18/06 11:41,6,1.311,2,1
26,12,11/18/06 11:41,8,0.756,2,1
26,12,11/18/06 11:41,8,1.556,2,1
26,12,11/18/06 11:42,6,0.707,2,1
26,12,11/18/06 11:42,6,0.887,2,1
26,12,11/18/06 11:42,8,0.468,2,0
26,12,11/18/06 11:42,8,1.294,1,1
27,8,11/18/06 11:51,4,0.675,2,1
27,8,11/18/06 11:51,4,0.748,1,1
27,8,11/18/06 11:51,4,4.525,2,0
27,8,11/18/06 11:51,6,0.933,2,1
27,8,11/18/06 11:51,6,1.014,2,1
27,8,11/18/06 11:51,8,1.103,1,1
27,8,11/18/06 11:52,4,0.502,2,1
27,8,11/18/06 11:52,4,0.569,1,1
27,8,11/18/06 11:52,4,0.584,2,1
27,8,11/18/06 11:52,4,0.755,1,1
27,8,11/18/06 11:52,6,0.763,2,1
27,8,11/18/06 11:52,8,0.365,2,0
27,8,11/18/06 11:52,8,0.369,2,1
27,8,11/18/06 11:52,8,2.172,2,0
27,8,11/18/06 11:52,8,7.338,1,0
27,8,11/18/06 11:53,4,0.447,2,1
27,8,11/18/06 11:53,4,0.515,2,1
27,8,11/18/06 11:53,4,0.649,2,1
27,8,11/18/06 11:53,6,0.367,1,1
27,8,11/18/06 11:53,6,0.395,1,1
27,8,11/18/06 11:53,6,0.411,2,1
27,8,11/18/06 11:53,6,0.518,1,1
27,8,11/18/06 11:53,6,0.666,1,1
27,8,11/18/06 11:53,6,1.04,2,1
27,8,11/18/06 11:53,8,0.385,1,1
27,8,11/18/06 11:53,8,1.73,1,0
27,8,11/18/06 11:54,4,1.053,2,1
27,8,11/18/06 11:54,6,0.746,2,1
27,8,11/18/06 11:54,8,0.969,1,1
27,8,11/18/06 11:54,8,1.466,1,1
28,6,11/18/06 13:01,4,0.37,1,1
28,6,11/18/06 13:01,4,0.671,2,1
28,6,11/18/06 13:01,4,0.94,2,1
28,6,11/18/06 13:01,6,0.504,2,1
28,6,11/18/06 13:01,6,0.531,2,1
28,6,11/18/06 13:01,6,1.056,2,1
28,6,11/18/06 13:01,8,0.201,1,1
28,6,11/18/06 13:01,8,0.761,2,1
28,6,11/18/06 13:01,8,1.612,1,0
28,6,11/18/06 13:01,8,4.361,1,0
28,6,11/18/06 13:02,4,0.353,1,0
28,6,11/18/06 13:02,4,0.733,1,1
28,6,11/18/06 13:02,4,10.18,1,1
28,6,11/18/06 13:02,6,0.236,1,1
28,6,11/18/06 13:02,6,1.085,1,1
28,6,11/18/06 13:02,6,1.63,2,1
28,6,11/18/06 13:02,6,5.19,2,1
28,6,11/18/06 13:02,8,1.008,1,1
28,6,11/18/06 13:02,8,1.326,1,1
28,6,11/18/06 13:02,8,2.385,1,1
28,6,11/18/06 13:03,4,0.226,1,1
28,6,11/18/06 13:03,4,0.471,2,1
28,6,11/18/06 13:03,4,0.627,2,0
28,6,11/18/06 13:03,4,0.858,1,1
28,6,11/18/06 13:03,6,10.785,2,1
28,6,11/18/06 13:03,6,2.286,1,1
28,6,11/18/06 13:03,8,0.156,1,1
28,6,11/18/06 13:03,8,0.818,1,1
28,6,11/18/06 13:03,8,1.332,2,1
28,6,11/18/06 13:03,8,2.641,2,1
29,4,11/18/06 13:02,6,0.753,2,1
29,4,11/18/06 13:03,4,0.143,2,1
29,4,11/18/06 13:03,4,0.177,1,1
29,4,11/18/06 13:03,4,0.222,1,1
29,4,11/18/06 13:03,4,0.317,2,1
29,4,11/18/06 13:03,4,0.439,1,1
29,4,11/18/06 13:03,4,0.828,1,1
29,4,11/18/06 13:03,6,0.264,2,1
29,4,11/18/06 13:03,6,0.372,1,1
29,4,11/18/06 13:03,6,0.372,2,1
29,4,11/18/06 13:03,6,0.524,1,1
29,4,11/18/06 13:03,6,0.646,2,1
29,4,11/18/06 13:03,8,0.234,2,0
29,4,11/18/06 13:03,8,0.733,1,1
29,4,11/18/06 13:03,8,1.831,1,1
29,4,11/18/06 13:04,4,0.156,1,1
29,4,11/18/06 13:04,4,0.223,1,1
29,4,11/18/06 13:04,4,0.237,1,1
29,4,11/18/06 13:04,4,0.263,2,1
29,4,11/18/06 13:04,4,0.594,1,1
29,4,11/18/06 13:04,6,0.149,2,1
29,4,11/18/06 13:04,6,0.21,2,1
29,4,11/18/06 13:04,6,0.396,2,1
29,4,11/18/06 13:04,6,0.504,1,1
29,4,11/18/06 13:04,6,1.017,2,1
29,4,11/18/06 13:04,8,1.15,2,1
29,4,11/18/06 13:04,8,1.471,2,1
29,4,11/18/06 13:04,8,1.87,1,0
29,4,11/18/06 13:05,6,0.605,1,1
29,4,11/18/06 13:05,8,0.18,2,0
30,3,11/18/06 13:25,8,0.784,1,0
30,3,11/18/06 13:26,4,0.568,1,1
30,3,11/18/06 13:26,4,2.192,1,1
30,3,11/18/06 13:26,4,5.591,2,1
30,3,11/18/06 13:26,6,0.352,2,1
30,3,11/18/06 13:26,6,0.457,2,1
30,3,11/18/06 13:26,6,0.484,1,1
30,3,11/18/06 13:26,6,0.764,1,0
30,3,11/18/06 13:26,8,0.639,1,1
30,3,11/18/06 13:26,8,0.763,2,0
30,3,11/18/06 13:26,8,0.984,2,1
30,3,11/18/06 13:26,8,1.102,1,0
30,3,11/18/06 13:27,4,0.846,2,1
30,3,11/18/06 13:27,4,0.967,2,1
30,3,11/18/06 13:27,4,1.568,1,1
30,3,11/18/06 13:27,6,0.446,1,1
30,3,11/18/06 13:27,6,0.52,2,0
30,3,11/18/06 13:27,6,1.391,1,0
30,3,11/18/06 13:27,6,3.869,1,0
30,3,11/18/06 13:27,8,0.252,1,1
30,3,11/18/06 13:27,8,0.481,1,1
30,3,11/18/06 13:27,8,0.764,2,0
30,3,11/18/06 13:27,8,0.926,1,0
30,3,11/18/06 13:27,8,4.452,1,0
30,3,11/18/06 13:28,4,0.823,2,1
30,3,11/18/06 13:28,6,0.387,2,0
30,3,11/18/06 13:28,6,1.055,1,0
30,3,11/18/06 13:28,8,0.387,1,1
30,3,11/18/06 13:28,8,0.837,2,0
30,3,11/18/06 13:28,8,2.466,2,1
32,1,11/18/06 13:34,4,0.46,2,1
32,1,11/18/06 13:34,4,6.985,2,1
32,1,11/18/06 13:34,4,7.005,2,1
32,1,11/18/06 13:34,8,0.434,1,1
32,1,11/18/06 13:34,8,0.622,1,1
32,1,11/18/06 13:35,4,0.42,2,1
32,1,11/18/06 13:35,4,0.985,2,1
32,1,11/18/06 13:35,4,3.75,2,1
32,1,11/18/06 13:35,6,0.365,2,1
32,1,11/18/06 13:35,6,0.44,1,1
32,1,11/18/06 13:35,6,0.586,2,1
32,1,11/18/06 13:35,6,0.627,2,1
32,1,11/18/06 13:35,8,0.261,1,1
32,1,11/18/06 13:35,8,0.352,2,1
32,1,11/18/06 13:35,8,0.36,1,1
32,1,11/18/06 13:35,8,1.288,1,1
32,1,11/18/06 13:35,8,1.31,2,1
32,1,11/18/06 13:36,4,0.412,1,1
32,1,11/18/06 13:36,4,3.061,1,1
32,1,11/18/06 13:36,4,4.271,1,0
32,1,11/18/06 13:36,6,0.454,2,1
32,1,11/18/06 13:36,6,0.715,2,1
32,1,11/18/06 13:36,6,0.728,1,1
32,1,11/18/06 13:36,8,0.794,2,1
32,1,11/18/06 13:36,8,1.846,1,1
32,1,11/18/06 13:36,8,4.853,1,1
32,1,11/18/06 13:36,8,6.157,1,0
32,1,11/18/06 13:37,4,0.514,2,1
32,1,11/18/06 13:37,6,0.278,2,1
32,1,11/18/06 13:37,8,5.987,1,1
36,6,11/18/06 15:09,4,0.71,1,1
36,6,11/18/06 15:09,4,0.869,1,1
36,6,11/18/06 15:09,4,0.885,2,1
36,6,11/18/06 15:09,4,1.834,2,1
36,6,11/18/06 15:09,6,0.833,1,1
36,6,11/18/06 15:09,6,1.113,2,1
36,6,11/18/06 15:09,6,1.157,2,1
36,6,11/18/06 15:09,8,0.717,1,0
36,6,11/18/06 15:09,8,1.492,2,0
36,6,11/18/06 15:10,4,0.372,2,1
36,6,11/18/06 15:10,4,0.546,1,1
36,6,11/18/06 15:10,4,0.892,1,1
36,6,11/18/06 15:10,4,0.906,2,1
36,6,11/18/06 15:10,4,2.388,2,1
36,6,11/18/06 15:10,6,0.665,1,1
36,6,11/18/06 15:10,6,1.349,1,1
36,6,11/18/06 15:10,6,1.357,2,1
36,6,11/18/06 15:10,6,1.439,2,1
36,6,11/18/06 15:10,8,0.383,2,1
36,6,11/18/06 15:10,8,0.566,2,1
36,6,11/18/06 15:10,8,1.146,1,1
36,6,11/18/06 15:11,4,0.785,2,1
36,6,11/18/06 15:11,4,0.842,2,1
36,6,11/18/06 15:11,4,0.871,1,1
36,6,11/18/06 15:11,4,1.329,1,1
36,6,11/18/06 15:11,4,2.592,1,1
36,6,11/18/06 15:11,6,0.883,1,1
36,6,11/18/06 15:11,8,0.581,1,0
36,6,11/18/06 15:11,8,1.106,2,1
36,6,11/18/06 15:11,8,1.125,2,1
37,4,11/18/06 15:46,4,1.455,2,1
37,4,11/18/06 15:46,4,2.198,1,1
37,4,11/18/06 15:46,4,2.464,1,1
37,4,11/18/06 15:46,4,2.766,1,1
37,4,11/18/06 15:46,6,1.23,1,0
37,4,11/18/06 15:46,6,3.24,2,1
37,4,11/18/06 15:46,8,1.404,1,1
37,4,11/18/06 15:46,8,2.286,1,1
37,4,11/18/06 15:46,8,2.654,1,1
37,4,11/18/06 15:47,4,1.427,1,1
37,4,11/18/06 15:47,4,1.634,1,1
37,4,11/18/06 15:47,6,1.298,1,1
37,4,11/18/06 15:47,6,3.039,2,0
37,4,11/18/06 15:47,6,4.327,2,0
37,4,11/18/06 15:47,8,1.36,2,1
37,4,11/18/06 15:47,8,1.405,2,1
37,4,11/18/06 15:47,8,4.563,2,0
37,4,11/18/06 15:48,4,1.186,1,1
37,4,11/18/06 15:48,6,0.629,2,1
37,4,11/18/06 15:48,6,1.095,2,1
37,4,11/18/06 15:48,6,1.602,2,1
37,4,11/18/06 15:48,6,2.018,1,1
37,4,11/18/06 15:48,8,0.547,2,1
37,4,11/18/06 15:48,8,1.231,1,1
37,4,11/18/06 15:48,8,1.232,1,0
37,4,11/18/06 15:48,8,3.077,2,0
37,4,11/18/06 15:49,6,1.53,1,1
37,4,11/18/06 15:49,8,0.447,2,1
37,4,11/18/06 15:49,8,1.049,1,1
37,4,11/18/06 15:49,8,1.053,1,0
38,4,11/18/06 16:02,4,1.528,1,1
38,4,11/18/06 16:02,6,0.582,1,1
38,4,11/18/06 16:02,6,0.688,1,1
38,4,11/18/06 16:02,6,1.367,1,1
38,4,11/18/06 16:02,8,0.854,2,1
38,4,11/18/06 16:02,8,1.784,2,0
38,4,11/18/06 16:03,4,0.765,2,1
38,4,11/18/06 16:03,4,1.483,1,1
38,4,11/18/06 16:03,4,1.566,1,1
38,4,11/18/06 16:03,4,1.894,2,1
38,4,11/18/06 16:03,6,0.598,1,1
38,4,11/18/06 16:03,6,0.792,2,1
38,4,11/18/06 16:03,6,6.066,2,0
38,4,11/18/06 16:03,8,0.43,1,0
38,4,11/18/06 16:03,8,1.24,1,0
38,4,11/18/06 16:03,8,3.317,1,1
38,4,11/18/06 16:03,8,3.872,1,0
38,4,11/18/06 16:04,4,2.324,1,1
38,4,11/18/06 16:04,4,3.466,2,1
38,4,11/18/06 16:04,6,0.53,2,1
38,4,11/18/06 16:04,6,0.931,2,1
38,4,11/18/06 16:04,6,1.315,2,1
38,4,11/18/06 16:04,8,0.617,1,0
38,4,11/18/06 16:04,8,0.914,1,1
38,4,11/18/06 16:04,8,2.351,2,1
38,4,11/18/06 16:04,8,2.49,1,1
38,4,11/18/06 16:04,8,2.949,2,0
38,4,11/18/06 16:05,4,3.364,1,0
38,4,11/18/06 16:05,6,0.679,1,1
38,4,11/18/06 16:05,8,5.11,2,1
39,2,11/18/06 16:55,4,0.392,1,1
39,2,11/18/06 16:55,6,0.443,2,1
39,2,11/18/06 16:55,6,11.648,2,0
39,2,11/18/06 16:55,6,3.794,1,0
39,2,11/18/06 16:55,8,0.53,2,1
39,2,11/18/06 16:55,8,0.672,2,1
39,2,11/18/06 16:55,8,2.139,1,1
39,2,11/18/06 16:55,8,2.809,1,1
39,2,11/18/06 16:56,4,3.986,1,1
39,2,11/18/06 16:56,4,4.475,1,1
39,2,11/18/06 16:56,4,4.5,2,1
39,2,11/18/06 16:56,4,5.679,1,1
39,2,11/18/06 16:56,4,8.356,1,0
39,2,11/18/06 16:56,6,0.467,2,1
39,2,11/18/06 16:56,6,0.846,1,0
39,2,11/18/06 16:56,8,0.51,2,1
39,2,11/18/06 16:56,8,1.346,1,1
39,2,11/18/06 16:57,4,1.394,2,1
39,2,11/18/06 16:57,4,3.568,2,1
39,2,11/18/06 16:57,4,5.685,2,1
39,2,11/18/06 16:57,4,9.525,1,0
39,2,11/18/06 16:57,6,0.158,1,1
39,2,11/18/06 16:57,6,0.336,1,1
39,2,11/18/06 16:57,6,0.48,1,1
39,2,11/18/06 16:57,6,2.227,1,1
39,2,11/18/06 16:57,8,1.854,2,1
39,2,11/18/06 16:58,4,1.555,2,1
39,2,11/18/06 16:58,4,6.389,1,1
39,2,11/18/06 16:58,6,0.508,2,1
39,2,11/18/06 16:58,8,1.412,1,1
40,1,11/18/06 17:28,6,0.148,-1,0
40,1,11/18/06 17:29,4,0.289,1,1
40,1,11/18/06 17:29,4,0.296,1,1
40,1,11/18/06 17:29,4,0.471,2,1
40,1,11/18/06 17:29,4,3.542,1,1
40,1,11/18/06 17:29,6,0.092,1,1
40,1,11/18/06 17:29,6,0.125,2,0
40,1,11/18/06 17:29,6,0.176,1,1
40,1,11/18/06 17:29,6,0.203,1,0
40,1,11/18/06 17:29,6,0.227,1,0
40,1,11/18/06 17:29,6,0.305,1,1
40,1,11/18/06 17:29,6,1.407,1,1
40,1,11/18/06 17:29,8,0.037,2,1
40,1,11/18/06 17:29,8,0.219,1,1
40,1,11/18/06 17:29,8,0.497,1,1
40,1,11/18/06 17:30,4,0.324,2,1
40,1,11/18/06 17:30,4,0.358,2,1
40,1,11/18/06 17:30,4,0.403,2,1
40,1,11/18/06 17:30,4,0.504,1,1
40,1,11/18/06 17:30,4,0.62,1,1
40,1,11/18/06 17:30,4,0.695,1,0
40,1,11/18/06 17:30,6,0.176,1,1
40,1,11/18/06 17:30,6,0.238,1,1
40,1,11/18/06 17:30,6,0.262,1,1
40,1,11/18/06 17:30,6,0.267,1,0
40,1,11/18/06 17:30,6,0.35,2,1
40,1,11/18/06 17:30,8,0.043,2,1
40,1,11/18/06 17:30,8,0.123,2,1
40,1,11/18/06 17:30,8,0.149,2,1
40,1,11/18/06 17:31,6,0.16,1,0
41,24,11/25/06 11:12,4,1.05,1,1
41,24,11/25/06 11:12,4,1.872,2,1
41,24,11/25/06 11:12,4,2.958,2,1
41,24,11/25/06 11:12,4,3.751,1,1
41,24,11/25/06 11:12,4,4.607,2,0
41,24,11/25/06 11:12,6,1.159,1,1
41,24,11/25/06 11:12,6,2.299,1,1
41,24,11/25/06 11:12,6,3.792,1,0
41,24,11/25/06 11:12,8,1.349,1,0
41,24,11/25/06 11:12,8,1.781,1,0
41,24,11/25/06 11:13,4,0.999,2,1
41,24,11/25/06 11:13,4,2.275,1,1
41,24,11/25/06 11:13,6,0.985,1,1
41,24,11/25/06 11:13,6,1.338,1,1
41,24,11/25/06 11:13,6,1.452,1,0
41,24,11/25/06 11:13,6,2.992,2,1
41,24,11/25/06 11:13,8,0.684,1,1
41,24,11/25/06 11:13,8,1.323,1,0
41,24,11/25/06 11:13,8,2.542,1,0
41,24,11/25/06 11:13,8,2.82,1,0
41,24,11/25/06 11:14,4,0.298,1,1
41,24,11/25/06 11:14,4,2.547,1,1
41,24,11/25/06 11:14,6,1.248,1,0
41,24,11/25/06 11:14,6,1.352,1,0
41,24,11/25/06 11:14,6,3.814,2,1
41,24,11/25/06 11:14,8,1.449,1,1
41,24,11/25/06 11:14,8,2.104,2,0
41,24,11/25/06 11:14,8,2.351,1,1
41,24,11/25/06 11:14,8,2.501,2,1
41,24,11/25/06 11:14,8,3.439,1,1
42,12,11/25/06 13:57,8,1.167,2,1
42,12,11/25/06 13:58,4,3.845,2,1
42,12,11/25/06 13:58,6,1.255,1,1
42,12,11/25/06 13:58,6,1.679,1,0
42,12,11/25/06 13:58,6,3.025,1,0
42,12,11/25/06 13:58,8,0.915,1,1
42,12,11/25/06 13:58,8,1.082,1,0
42,12,11/25/06 13:58,8,3.296,1,1
42,12,11/25/06 13:58,8,6.17,2,1
42,12,11/25/06 13:59,4,0.84,1,0
42,12,11/25/06 13:59,4,3.272,1,1
42,12,11/25/06 13:59,4,5.325,1,1
42,12,11/25/06 13:59,6,0.457,1,1
42,12,11/25/06 13:59,6,0.607,1,0
42,12,11/25/06 13:59,6,0.724,1,1
42,12,11/25/06 13:59,6,1.373,1,1
42,12,11/25/06 13:59,6,3.01,1,0
42,12,11/25/06 13:59,8,0.62,1,1
42,12,11/25/06 13:59,8,0.994,2,0
42,12,11/25/06 13:59,8,3.103,1,1
42,12,11/25/06 14:00,4,0.804,2,1
42,12,11/25/06 14:00,4,1.845,1,1
42,12,11/25/06 14:00,4,3.201,2,1
42,12,11/25/06 14:00,6,1.191,1,1
42,12,11/25/06 14:00,6,2.812,1,1
42,12,11/25/06 14:00,6,3.071,1,0
42,12,11/25/06 14:00,8,0.333,2,1
42,12,11/25/06 14:00,8,0.616,2,1
42,12,11/25/06 14:00,8,0.965,2,1
42,12,11/25/06 14:00,8,1.607,2,1
43,8,11/25/06 15:41,4,0.556,2,1
43,8,11/25/06 15:41,4,0.582,1,1
43,8,11/25/06 15:41,4,0.895,1,1
43,8,11/25/06 15:41,4,0.909,2,1
43,8,11/25/06 15:41,6,1.047,1,1
43,8,11/25/06 15:41,6,1.321,2,1
43,8,11/25/06 15:41,6,3.218,2,1
43,8,11/25/06 15:41,8,0.946,1,1
43,8,11/25/06 15:42,4,0.662,2,1
43,8,11/25/06 15:42,4,0.724,1,1
43,8,11/25/06 15:42,4,0.727,1,1
43,8,11/25/06 15:42,6,0.364,1,1
43,8,11/25/06 15:42,6,0.465,2,1
43,8,11/25/06 15:42,6,0.845,1,0
43,8,11/25/06 15:42,8,0.174,1,1
43,8,11/25/06 15:42,8,0.235,2,1
43,8,11/25/06 15:42,8,0.548,1,1
43,8,11/25/06 15:42,8,0.853,1,1
43,8,11/25/06 15:42,8,0.861,1,1
43,8,11/25/06 15:43,4,0.407,1,1
43,8,11/25/06 15:43,4,0.893,2,1
43,8,11/25/06 15:43,6,0.216,1,0
43,8,11/25/06 15:43,6,0.395,1,1
43,8,11/25/06 15:43,6,0.549,2,1
43,8,11/25/06 15:43,6,1.035,2,1
43,8,11/25/06 15:43,8,0.048,2,1
43,8,11/25/06 15:43,8,0,2,1
43,8,11/25/06 15:43,8,0.231,1,1
43,8,11/25/06 15:43,8,0.317,1,1
43,8,11/25/06 15:43,8,0.82,1,1
44,6,11/25/06 15:46,4,0.301,2,1
44,6,11/25/06 15:46,4,0.423,2,1
44,6,11/25/06 15:46,4,0.467,1,1
44,6,11/25/06 15:46,4,0.661,1,1
44,6,11/25/06 15:46,4,0.74,1,1
44,6,11/25/06 15:46,4,0.881,2,1
44,6,11/25/06 15:46,6,0.508,2,1
44,6,11/25/06 15:46,6,0.567,1,1
44,6,11/25/06 15:46,6,1.026,1,1
44,6,11/25/06 15:46,8,0.628,2,1
44,6,11/25/06 15:46,8,0.641,2,1
44,6,11/25/06 15:47,4,0.63,1,1
44,6,11/25/06 15:47,4,1.276,1,1
44,6,11/25/06 15:47,4,2.144,2,1
44,6,11/25/06 15:47,6,0.333,1,1
44,6,11/25/06 15:47,6,0.41,2,1
44,6,11/25/06 15:47,6,0.836,1,1
44,6,11/25/06 15:47,6,2.38,1,1
44,6,11/25/06 15:47,6,2.412,1,1
44,6,11/25/06 15:47,8,0.31,2,1
44,6,11/25/06 15:47,8,0.443,2,1
44,6,11/25/06 15:47,8,0.492,2,1
44,6,11/25/06 15:47,8,0.525,1,1
44,6,11/25/06 15:48,4,0.379,1,1
44,6,11/25/06 15:48,6,0.457,2,1
44,6,11/25/06 15:48,6,0.898,1,1
44,6,11/25/06 15:48,6,1.201,1,1
44,6,11/25/06 15:48,6,1.765,1,1
44,6,11/25/06 15:48,8,0.192,2,1
44,6,11/25/06 15:48,8,0.307,1,1
46,2,12/20/06 12:19,6,2.346,2,1
46,2,12/20/06 12:19,6,3.905,2,1
46,2,12/20/06 12:20,4,0.952,1,1
46,2,12/20/06 12:20,4,1.027,1,1
46,2,12/20/06 12:20,4,1.41,2,1
46,2,12/20/06 12:20,4,2.432,2,1
46,2,12/20/06 12:20,6,1.128,2,1
46,2,12/20/06 12:20,6,1.418,1,1
46,2,12/20/06 12:20,6,2.588,1,0
46,2,12/20/06 12:20,8,1.083,2,1
46,2,12/20/06 12:20,8,1.174,-1,0
46,2,12/20/06 12:20,8,1.285,-1,0
46,2,12/20/06 12:20,8,1.547,2,1
46,2,12/20/06 12:21,4,1.948,2,1
46,2,12/20/06 12:21,4,2.059,2,1
46,2,12/20/06 12:21,4,2.791,2,1
46,2,12/20/06 12:21,6,0.98,1,1
46,2,12/20/06 12:21,6,1.097,1,1
46,2,12/20/06 12:21,8,1.109,1,1
46,2,12/20/06 12:21,8,1.133,1,1
46,2,12/20/06 12:21,8,1.233,1,1
46,2,12/20/06 12:21,8,1.252,2,1
46,2,12/20/06 12:21,8,1.797,1,1
46,2,12/20/06 12:21,8,1.934,1,1
46,2,12/20/06 12:22,4,0.825,1,1
46,2,12/20/06 12:22,6,0.834,1,1
46,2,12/20/06 12:22,6,0.978,2,1
46,2,12/20/06 12:22,6,3.145,1,1
46,2,12/20/06 12:22,8,0.858,2,1
46,2,12/20/06 12:22,8,3.053,1,1
47,3,12/20/06 13:26,4,2.899,1,1
47,3,12/20/06 13:26,4,8.901,2,1
47,3,12/20/06 13:26,6,2.311,1,1
47,3,12/20/06 13:27,4,1.79,2,1
47,3,12/20/06 13:27,4,1.93,1,1
47,3,12/20/06 13:27,4,2.381,2,1
47,3,12/20/06 13:27,4,2.757,2,0
47,3,12/20/06 13:27,4,3.033,2,1
47,3,12/20/06 13:27,6,3.757,1,1
47,3,12/20/06 13:27,6,4.975,2,1
47,3,12/20/06 13:27,8,0.774,1,1
47,3,12/20/06 13:27,8,0.927,2,1
47,3,12/20/06 13:28,4,0.621,2,1
47,3,12/20/06 13:28,4,0.927,2,1
47,3,12/20/06 13:28,4,2.256,2,1
47,3,12/20/06 13:28,4,3.245,1,1
47,3,12/20/06 13:28,4,4.225,1,1
47,3,12/20/06 13:28,6,0.629,1,1
47,3,12/20/06 13:28,6,0.722,1,0
47,3,12/20/06 13:28,6,0.919,2,1
47,3,12/20/06 13:28,8,0.31,1,1
47,3,12/20/06 13:28,8,0.367,1,1
47,3,12/20/06 13:28,8,1.356,2,1
47,3,12/20/06 13:28,8,1.685,1,0
47,3,12/20/06 13:29,4,0.306,2,1
47,3,12/20/06 13:29,4,2.177,1,1
47,3,12/20/06 13:29,4,2.901,2,0
47,3,12/20/06 13:29,6,0.43,2,1
47,3,12/20/06 13:29,6,0.92,2,1
47,3,12/20/06 13:29,8,1.035,1,1
48,3,12/20/06 13:47,4,0.345,2,1
48,3,12/20/06 13:47,4,0.447,2,1
48,3,12/20/06 13:47,4,1.404,2,1
48,3,12/20/06 13:47,6,0.433,2,1
48,3,12/20/06 13:47,6,0.453,1,1
48,3,12/20/06 13:47,6,0.764,1,0
48,3,12/20/06 13:47,6,2.306,2,1
48,3,12/20/06 13:47,6,2.428,1,1
48,3,12/20/06 13:47,8,0.361,2,1
48,3,12/20/06 13:47,8,0.581,2,1
48,3,12/20/06 13:47,8,0.64,2,1
48,3,12/20/06 13:47,8,0.644,1,0
48,3,12/20/06 13:47,8,0.668,2,1
48,3,12/20/06 13:48,4,0.218,2,1
48,3,12/20/06 13:48,4,0.468,2,1
48,3,12/20/06 13:48,4,0.492,2,1
48,3,12/20/06 13:48,4,0.784,1,1
48,3,12/20/06 13:48,4,0.824,1,1
48,3,12/20/06 13:48,4,0.895,1,1
48,3,12/20/06 13:48,6,0.528,1,0
48,3,12/20/06 13:48,6,0.614,1,0
48,3,12/20/06 13:48,6,1.19,1,1
48,3,12/20/06 13:48,8,0.249,1,0
48,3,12/20/06 13:48,8,0.572,1,1
48,3,12/20/06 13:48,8,1.099,2,1
48,3,12/20/06 13:48,8,1.524,1,1
48,3,12/20/06 13:49,4,0.384,1,1
48,3,12/20/06 13:49,4,0.543,1,0
48,3,12/20/06 13:49,8,0.521,2,1
48,3,12/20/06 13:49,8,0.896,2,0
49,24,12/20/06 13:53,4,1.552,2,0
49,24,12/20/06 13:53,4,2.278,1,1
49,24,12/20/06 13:53,6,1.211,1,0
49,24,12/20/06 13:54,4,4.874,1,1
49,24,12/20/06 13:54,6,2.077,1,0
49,24,12/20/06 13:54,6,2.265,2,0
49,24,12/20/06 13:54,6,3.02,1,1
49,24,12/20/06 13:54,6,3.396,2,1
49,24,12/20/06 13:54,6,4.431,2,1
49,24,12/20/06 13:54,8,0.679,2,1
49,24,12/20/06 13:54,8,1.455,1,1
49,24,12/20/06 13:54,8,2.929,1,1
49,24,12/20/06 13:55,4,0.864,2,1
49,24,12/20/06 13:55,4,1.752,1,1
49,24,12/20/06 13:55,4,2.664,1,1
49,24,12/20/06 13:55,6,0.671,1,1
49,24,12/20/06 13:55,6,2.258,2,1
49,24,12/20/06 13:55,8,0.769,2,1
49,24,12/20/06 13:55,8,1.332,1,1
49,24,12/20/06 13:55,8,1.803,1,1
49,24,12/20/06 13:55,8,3.694,1,1
49,24,12/20/06 13:55,8,3.988,2,1
50,8,12/20/06 14:13,4,0.861,1,1
50,8,12/20/06 14:13,8,1.508,1,0
50,8,12/20/06 14:14,4,0.12,1,1
50,8,12/20/06 14:14,4,0.28,1,1
50,8,12/20/06 14:14,4,3.58,1,0
50,8,12/20/06 14:14,6,0.023,1,1
50,8,12/20/06 14:14,6,0.13,1,1
50,8,12/20/06 14:14,6,0.342,2,1
50,8,12/20/06 14:14,6,0.406,2,0
50,8,12/20/06 14:14,6,0.653,2,1
50,8,12/20/06 14:14,6,5.902,1,1
50,8,12/20/06 14:14,8,2.097,1,0
50,8,12/20/06 14:14,8,3.265,2,0
50,8,12/20/06 14:15,4,0.291,2,1
50,8,12/20/06 14:15,4,4.792,2,1
50,8,12/20/06 14:15,6,0.369,1,0
50,8,12/20/06 14:15,6,10.02,2,0
50,8,12/20/06 14:15,6,1.262,2,0
50,8,12/20/06 14:15,6,1.842,1,1
50,8,12/20/06 14:15,8,0.169,2,0
50,8,12/20/06 14:15,8,0.249,2,1
50,8,12/20/06 14:15,8,1.638,1,1
50,8,12/20/06 14:15,8,2.214,2,1
50,8,12/20/06 14:16,4,0.45,2,1
50,8,12/20/06 14:16,6,1.246,1,1
50,8,12/20/06 14:16,6,1.818,1,0
50,8,12/20/06 14:16,6,2.113,1,1
50,8,12/20/06 14:16,6,4.469,1,1
50,8,12/20/06 14:16,8,0.321,1,1
50,8,12/20/06 14:16,8,1.057,1,1
51,12,12/20/06 14:07,4,1.085,2,1
51,12,12/20/06 14:07,4,1.239,1,1
51,12,12/20/06 14:07,4,1.413,2,1
51,12,12/20/06 14:07,4,7.514,2,1
51,12,12/20/06 14:07,6,1.23,1,1
51,12,12/20/06 14:07,6,4.456,-1,0
51,12,12/20/06 14:07,8,11.883,1,1
51,12,12/20/06 14:08,4,1.367,2,1
51,12,12/20/06 14:08,6,3.317,2,0
51,12,12/20/06 14:08,6,3.716,1,1
51,12,12/20/06 14:08,6,3.793,1,0
51,12,12/20/06 14:08,8,1.018,2,1
51,12,12/20/06 14:08,8,1.687,2,1
51,12,12/20/06 14:08,8,3.225,1,1
51,12,12/20/06 14:08,8,4.454,2,0
51,12,12/20/06 14:09,4,0.933,2,1
51,12,12/20/06 14:09,4,2.292,2,1
51,12,12/20/06 14:09,4,3.455,1,1
51,12,12/20/06 14:09,6,1.338,1,1
51,12,12/20/06 14:09,6,5.713,1,0
51,12,12/20/06 14:09,8,0.415,2,1
51,12,12/20/06 14:09,8,0.787,2,0
51,12,12/20/06 14:09,8,0.992,2,1
51,12,12/20/06 14:09,8,1.048,2,1
51,12,12/20/06 14:09,8,2.183,1,1
51,12,12/20/06 14:10,4,2.692,1,0
51,12,12/20/06 14:10,4,4,1,1
51,12,12/20/06 14:10,6,3.888,1,0
51,12,12/20/06 14:10,8,0.487,1,1
51,12,12/20/06 14:10,8,0.87,2,0
52,6,12/20/06 14:31,4,0.604,1,1
52,6,12/20/06 14:31,4,6.158,2,1
52,6,12/20/06 14:31,6,0.298,2,1
52,6,12/20/06 14:31,6,1.346,1,1
52,6,12/20/06 14:31,8,0.439,1,0
52,6,12/20/06 14:31,8,0.849,-1,0
52,6,12/20/06 14:31,8,1.255,-1,0
52,6,12/20/06 14:31,8,2.9,-1,0
52,6,12/20/06 14:32,4,0.479,2,0
52,6,12/20/06 14:32,4,0.51,2,0
52,6,12/20/06 14:32,4,0.815,1,1
52,6,12/20/06 14:32,4,1.282,2,0
52,6,12/20/06 14:32,4,3.019,1,0
52,6,12/20/06 14:32,6,0.151,2,1
52,6,12/20/06 14:32,6,0.387,1,0
52,6,12/20/06 14:32,6,0.797,2,1
52,6,12/20/06 14:32,8,0.232,2,1
52,6,12/20/06 14:32,8,0.339,2,1
52,6,12/20/06 14:32,8,0.411,1,1
52,6,12/20/06 14:32,8,0.571,2,1
52,6,12/20/06 14:32,8,0.641,2,1
52,6,12/20/06 14:33,4,0.236,1,1
52,6,12/20/06 14:33,4,0.423,2,0
52,6,12/20/06 14:33,4,0.638,1,1
52,6,12/20/06 14:33,4,1.319,2,1
52,6,12/20/06 14:33,6,0.198,1,1
52,6,12/20/06 14:33,6,0.333,1,0
52,6,12/20/06 14:33,6,0.587,2,0
52,6,12/20/06 14:33,6,0.687,2,0
52,6,12/20/06 14:33,6,0.836,2,1
53,4,12/20/06 15:23,4,1.465,1,0
53,4,12/20/06 15:23,4,3.068,2,1
53,4,12/20/06 15:23,6,0.771,1,1
53,4,12/20/06 15:23,6,0.914,1,0
53,4,12/20/06 15:23,6,0.983,2,1
53,4,12/20/06 15:23,6,1.173,2,1
53,4,12/20/06 15:23,6,2.028,1,1
53,4,12/20/06 15:23,6,2.144,2,1
53,4,12/20/06 15:23,8,2.495,1,1
53,4,12/20/06 15:24,4,0.89,1,1
53,4,12/20/06 15:24,4,4.601,2,0
53,4,12/20/06 15:24,6,0.333,2,1
53,4,12/20/06 15:24,6,1.104,2,1
53,4,12/20/06 15:24,6,2.954,2,1
53,4,12/20/06 15:24,6,3.325,1,0
53,4,12/20/06 15:24,6,3.624,1,0
53,4,12/20/06 15:24,6,3.87,2,1
53,4,12/20/06 15:24,8,0.926,1,1
53,4,12/20/06 15:24,8,1.118,1,1
53,4,12/20/06 15:25,4,1.218,2,1
53,4,12/20/06 15:25,4,4.146,1,0
53,4,12/20/06 15:25,4,4.169,1,1
53,4,12/20/06 15:25,6,1.507,2,1
53,4,12/20/06 15:25,6,3.538,2,0
53,4,12/20/06 15:25,6,4.404,2,1
53,4,12/20/06 15:25,8,0.838,2,1
53,4,12/20/06 15:25,8,1.878,2,1
53,4,12/20/06 15:25,8,2.401,1,1
53,4,12/20/06 15:26,6,0.606,2,0
53,4,12/20/06 15:26,8,2.557,1,1
54,3,12/20/06 15:53,6,0.405,1,1
54,3,12/20/06 15:53,6,1.781,1,1
54,3,12/20/06 15:53,8,0.153,2,1
54,3,12/20/06 15:54,4,0.098,2,1
54,3,12/20/06 15:54,4,0.209,1,1
54,3,12/20/06 15:54,4,0.791,2,1
54,3,12/20/06 15:54,6,0.04,2,1
54,3,12/20/06 15:54,6,0.117,2,1
54,3,12/20/06 15:54,6,0.147,1,1
54,3,12/20/06 15:54,6,0.267,2,1
54,3,12/20/06 15:54,6,0.396,1,1
54,3,12/20/06 15:54,6,0.559,1,0
54,3,12/20/06 15:54,8,0.065,2,1
54,3,12/20/06 15:54,8,0,1,1
54,3,12/20/06 15:54,8,0.125,2,1
54,3,12/20/06 15:54,8,0.158,1,1
54,3,12/20/06 15:54,8,0.267,1,1
54,3,12/20/06 15:55,4,0.099,2,1
54,3,12/20/06 15:55,4,0.156,1,1
54,3,12/20/06 15:55,4,0.209,2,1
54,3,12/20/06 15:55,6,0.129,2,0
54,3,12/20/06 15:55,6,0.381,1,0
54,3,12/20/06 15:55,6,0.522,1,0
54,3,12/20/06 15:55,8,0.077,2,1
54,3,12/20/06 15:55,8,0.17,1,1
54,3,12/20/06 15:55,8,0.204,1,1
54,3,12/20/06 15:55,8,0,2,1
54,3,12/20/06 15:55,8,0.374,2,0
54,3,12/20/06 15:55,8,0.872,2,1
54,3,12/20/06 15:55,8,0.924,1,1
55,2,12/20/06 16:41,6,0.415,1,1
55,2,12/20/06 16:41,6,0.521,1,1
55,2,12/20/06 16:41,6,0.64,2,1
55,2,12/20/06 16:41,6,1.025,2,1
55,2,12/20/06 16:41,6,1.184,2,1
55,2,12/20/06 16:41,8,0.524,1,1
55,2,12/20/06 16:41,8,0.679,2,1
55,2,12/20/06 16:41,8,3.176,2,1
55,2,12/20/06 16:42,4,0.606,2,1
55,2,12/20/06 16:42,4,0.682,1,1
55,2,12/20/06 16:42,4,1.789,1,1
55,2,12/20/06 16:42,4,2.496,1,1
55,2,12/20/06 16:42,6,0.331,2,1
55,2,12/20/06 16:42,6,10.925,1,1
55,2,12/20/06 16:42,6,1.244,2,1
55,2,12/20/06 16:42,6,1.941,1,1
55,2,12/20/06 16:42,8,0.427,1,1
55,2,12/20/06 16:42,8,0.601,2,1
55,2,12/20/06 16:43,4,0.432,2,1
55,2,12/20/06 16:43,4,0.682,1,1
55,2,12/20/06 16:43,4,1.143,2,0
55,2,12/20/06 16:43,4,8.151,1,0
55,2,12/20/06 16:43,6,0.774,1,1
55,2,12/20/06 16:43,6,10.406,1,0
55,2,12/20/06 16:43,8,0.63,2,1
55,2,12/20/06 16:43,8,4.03,2,1
55,2,12/20/06 16:44,4,10.34,1,1
55,2,12/20/06 16:44,6,0.435,2,1
55,2,12/20/06 16:44,6,2.969,2,0
55,2,12/20/06 16:44,8,1.679,2,1
56,1,12/21/06 10:55,4,0.61,1,1
56,1,12/21/06 10:55,4,0.869,2,1
56,1,12/21/06 10:55,4,0.937,1,1
56,1,12/21/06 10:55,4,4.86,1,1
56,1,12/21/06 10:55,6,0.887,1,1
56,1,12/21/06 10:55,6,1.373,2,1
56,1,12/21/06 10:56,4,0.282,2,1
56,1,12/21/06 10:56,4,0.881,2,1
56,1,12/21/06 10:56,6,0.64,2,1
56,1,12/21/06 10:56,6,0.929,1,1
56,1,12/21/06 10:56,6,1.135,1,1
56,1,12/21/06 10:56,6,2.603,2,1
56,1,12/21/06 10:56,8,0.04,2,1
56,1,12/21/06 10:56,8,0.219,1,1
56,1,12/21/06 10:56,8,0.713,2,1
56,1,12/21/06 10:56,8,1.036,2,1
56,1,12/21/06 10:57,4,0.567,2,1
56,1,12/21/06 10:57,4,3.33,1,1
56,1,12/21/06 10:57,6,0.209,1,1
56,1,12/21/06 10:57,6,0.25,2,1
56,1,12/21/06 10:57,6,3.96,1,1
56,1,12/21/06 10:57,8,0.009,1,1
56,1,12/21/06 10:57,8,0.098,2,1
56,1,12/21/06 10:57,8,0.117,2,1
56,1,12/21/06 10:57,8,0.346,1,1
56,1,12/21/06 10:57,8,0.972,1,1
56,1,12/21/06 10:58,4,1.106,2,1
56,1,12/21/06 10:58,6,0.053,1,1
56,1,12/21/06 10:58,6,0.266,1,1
56,1,12/21/06 10:58,8,0.288,2,1
57,24,12/21/06 12:11,4,2.549,1,1
57,24,12/21/06 12:11,6,1.287,1,1
57,24,12/21/06 12:11,6,2.757,1,1
57,24,12/21/06 12:11,6,3.673,2,0
57,24,12/21/06 12:11,6,4.76,2,1
57,24,12/21/06 12:11,8,0.777,2,1
57,24,12/21/06 12:11,8,1.337,1,1
57,24,12/21/06 12:11,8,3.035,2,1
57,24,12/21/06 12:11,8,3.71,1,0
57,24,12/21/06 12:12,4,0.547,1,1
57,24,12/21/06 12:12,4,1.936,2,1
57,24,12/21/06 12:12,4,3.846,1,1
57,24,12/21/06 12:12,6,5.305,2,0
57,24,12/21/06 12:12,8,0.342,1,0
57,24,12/21/06 12:12,8,0.395,2,1
57,24,12/21/06 12:12,8,2.16,2,1
57,24,12/21/06 12:12,8,3.547,1,0
57,24,12/21/06 12:12,8,3.679,1,1
57,24,12/21/06 12:13,4,0.457,2,1
57,24,12/21/06 12:13,4,2.194,2,1
57,24,12/21/06 12:13,4,3.673,2,0
57,24,12/21/06 12:13,4,5.979,2,0
57,24,12/21/06 12:13,6,0.352,1,1
57,24,12/21/06 12:13,6,1.697,1,1
57,24,12/21/06 12:13,6,4.174,1,0
57,24,12/21/06 12:13,8,0.446,1,1
57,24,12/21/06 12:13,8,2.065,1,1
57,24,12/21/06 12:13,8,2.205,1,0
57,24,12/21/06 12:14,8,1.364,1,0
57,24,12/21/06 12:14,8,2.084,2,1
58,12,12/21/06 12:26,4,6.019,2,0
58,12,12/21/06 12:27,4,1.016,2,1
58,12,12/21/06 12:27,4,3.157,1,1
58,12,12/21/06 12:27,4,7.507,1,1
58,12,12/21/06 12:27,6,0.612,2,1
58,12,12/21/06 12:27,6,1.3,2,1
58,12,12/21/06 12:27,6,1.425,2,1
58,12,12/21/06 12:27,6,3.541,2,1
58,12,12/21/06 12:27,8,1.102,2,0
58,12,12/21/06 12:27,8,1.404,1,0
58,12,12/21/06 12:28,4,1.956,1,0
58,12,12/21/06 12:28,4,2.303,1,1
58,12,12/21/06 12:28,4,2.721,1,0
58,12,12/21/06 12:28,4,4.15,2,0
58,12,12/21/06 12:28,4,4.163,1,1
58,12,12/21/06 12:28,6,0.718,2,1
58,12,12/21/06 12:28,6,1.536,1,0
58,12,12/21/06 12:28,6,3.805,1,1
58,12,12/21/06 12:28,8,0.665,2,1
58,12,12/21/06 12:28,8,1.037,2,0
58,12,12/21/06 12:29,4,2.423,1,0
58,12,12/21/06 12:29,4,5.551,1,1
58,12,12/21/06 12:29,6,1.374,1,1
58,12,12/21/06 12:29,6,3.235,1,1
58,12,12/21/06 12:29,6,3.44,1,1
58,12,12/21/06 12:29,8,0.653,2,0
58,12,12/21/06 12:29,8,0.708,2,1
58,12,12/21/06 12:29,8,1.047,1,1
58,12,12/21/06 12:29,8,1.27,2,1
58,12,12/21/06 12:29,8,1.542,1,0
59,12,12/21/06 12:48,4,1.612,2,1
59,12,12/21/06 12:48,4,3.458,2,1
59,12,12/21/06 12:48,4,4.235,2,1
59,12,12/21/06 12:48,6,0.602,1,1
59,12,12/21/06 12:48,6,2.024,2,1
59,12,12/21/06 12:48,8,0.497,1,1
59,12,12/21/06 12:48,8,0.738,1,1
59,12,12/21/06 12:48,8,0.8,1,1
59,12,12/21/06 12:48,8,1.052,1,1
59,12,12/21/06 12:48,8,1.201,1,1
59,12,12/21/06 12:48,8,1.46,1,1
59,12,12/21/06 12:49,4,1.728,2,1
59,12,12/21/06 12:49,4,5.689,2,1
59,12,12/21/06 12:49,4,5.792,2,1
59,12,12/21/06 12:49,6,0.658,1,1
59,12,12/21/06 12:49,8,0.529,1,1
59,12,12/21/06 12:49,8,0.848,1,1
59,12,12/21/06 12:49,8,0.902,2,1
59,12,12/21/06 12:49,8,1.06,1,1
59,12,12/21/06 12:49,8,1.285,2,1
59,12,12/21/06 12:49,8,1.492,1,1
59,12,12/21/06 12:50,4,0.375,1,1
59,12,12/21/06 12:50,4,1.892,1,1
59,12,12/21/06 12:50,4,3.974,1,1
59,12,12/21/06 12:50,6,0.818,1,1
59,12,12/21/06 12:50,6,2.982,2,0
59,12,12/21/06 12:50,6,3.607,2,1
59,12,12/21/06 12:50,6,7.28,2,0
59,12,12/21/06 12:50,6,7.348,1,1
59,12,12/21/06 12:51,4,2.806,1,1
60,6,12/21/06 12:51,8,1.42,1,1
60,6,12/21/06 12:52,4,0.828,1,0
60,6,12/21/06 12:52,4,0.886,1,1
60,6,12/21/06 12:52,4,0.895,2,1
60,6,12/21/06 12:52,4,1.471,2,0
60,6,12/21/06 12:52,6,0.683,2,1
60,6,12/21/06 12:52,6,0.781,2,1
60,6,12/21/06 12:52,6,0.906,2,1
60,6,12/21/06 12:52,6,1.106,1,1
60,6,12/21/06 12:52,8,0.655,2,1
60,6,12/21/06 12:52,8,0.716,1,1
60,6,12/21/06 12:52,8,1.018,1,1
60,6,12/21/06 12:52,8,1.106,1,1
60,6,12/21/06 12:52,8,1.802,2,1
60,6,12/21/06 12:53,4,0.616,2,0
60,6,12/21/06 12:53,4,1.107,1,0
60,6,12/21/06 12:53,4,1.766,2,0
60,6,12/21/06 12:53,4,2.632,2,0
60,6,12/21/06 12:53,6,0.591,2,1
60,6,12/21/06 12:53,6,0.638,1,1
60,6,12/21/06 12:53,6,0.82,1,1
60,6,12/21/06 12:53,8,0.472,2,1
60,6,12/21/06 12:53,8,0.631,1,1
60,6,12/21/06 12:53,8,0.759,2,1
60,6,12/21/06 12:53,8,0.836,1,1
60,6,12/21/06 12:53,8,1.365,1,0
60,6,12/21/06 12:54,4,1.16,1,0
60,6,12/21/06 12:54,4,2.323,1,0
60,6,12/21/06 12:54,4,2.673,2,0
60,6,12/21/06 12:54,6,0.454,1,1
61,4,12/21/06 12:53,4,0.769,2,1
61,4,12/21/06 12:53,4,1.089,2,1
61,4,12/21/06 12:53,4,1.352,2,0
61,4,12/21/06 12:53,4,2.116,2,1
61,4,12/21/06 12:53,6,0.883,2,1
61,4,12/21/06 12:53,6,1.3,2,1
61,4,12/21/06 12:53,6,1.634,1,1
61,4,12/21/06 12:53,8,1.259,2,1
61,4,12/21/06 12:53,8,1.261,2,1
61,4,12/21/06 12:53,8,1.906,1,1
61,4,12/21/06 12:54,4,0.386,1,1
61,4,12/21/06 12:54,4,1.544,1,0
61,4,12/21/06 12:54,4,1.621,1,1
61,4,12/21/06 12:54,4,2.117,1,1
61,4,12/21/06 12:54,6,0.213,1,1
61,4,12/21/06 12:54,6,0.944,2,1
61,4,12/21/06 12:54,6,0.993,1,1
61,4,12/21/06 12:54,6,1.085,1,1
61,4,12/21/06 12:54,8,0.558,2,1
61,4,12/21/06 12:54,8,0.74,2,1
61,4,12/21/06 12:54,8,1.877,2,1
61,4,12/21/06 12:54,8,3.386,1,0
61,4,12/21/06 12:55,4,1.808,2,1
61,4,12/21/06 12:55,4,3.625,1,1
61,4,12/21/06 12:55,8,0.677,2,1
61,4,12/21/06 12:55,8,12.48,1,0
61,4,12/21/06 12:55,8,1.276,1,1
61,4,12/21/06 12:55,8,1.608,2,1
61,4,12/21/06 12:55,8,1.937,2,1
61,4,12/21/06 12:55,8,2.511,2,1
62,3,12/21/06 13:47,6,1.197,2,1
62,3,12/21/06 13:48,4,0.457,1,1
62,3,12/21/06 13:48,4,2.251,1,1
62,3,12/21/06 13:48,6,0.729,2,1
62,3,12/21/06 13:48,6,0.994,2,1
62,3,12/21/06 13:48,6,1.678,1,1
62,3,12/21/06 13:48,6,1.995,2,1
62,3,12/21/06 13:48,6,5.583,2,0
62,3,12/21/06 13:48,8,0.566,1,1
62,3,12/21/06 13:48,8,0.734,1,0
62,3,12/21/06 13:48,8,0.833,1,1
62,3,12/21/06 13:48,8,3.448,1,1
62,3,12/21/06 13:49,4,0.644,2,1
62,3,12/21/06 13:49,6,0.422,1,1
62,3,12/21/06 13:49,6,0.607,2,1
62,3,12/21/06 13:49,6,1.82,1,1
62,3,12/21/06 13:49,6,6.46,1,1
62,3,12/21/06 13:49,8,0.831,1,1
62,3,12/21/06 13:49,8,1.026,2,1
62,3,12/21/06 13:49,8,1.795,2,1
62,3,12/21/06 13:49,8,3.279,2,1
62,3,12/21/06 13:49,8,4.284,1,1
62,3,12/21/06 13:50,6,0.472,2,1
62,3,12/21/06 13:50,6,1.009,1,1
62,3,12/21/06 13:50,6,3.011,2,1
62,3,12/21/06 13:50,6,8.23,2,0
62,3,12/21/06 13:50,8,0.666,1,1
62,3,12/21/06 13:50,8,2.549,1,1
62,3,12/21/06 13:50,8,4.361,1,1
62,3,12/21/06 13:50,8,5.944,1,0
63,2,12/21/06 13:51,4,0.435,2,1
63,2,12/21/06 13:51,6,0.349,1,1
63,2,12/21/06 13:51,6,1.04,1,1
63,2,12/21/06 13:51,6,2.342,2,1
63,2,12/21/06 13:51,8,0.276,2,1
63,2,12/21/06 13:51,8,0.325,2,1
63,2,12/21/06 13:51,8,0.437,2,1
63,2,12/21/06 13:52,4,0.381,1,1
63,2,12/21/06 13:52,4,0.397,2,0
63,2,12/21/06 13:52,4,0.416,1,1
63,2,12/21/06 13:52,4,1.469,2,1
63,2,12/21/06 13:52,6,0.467,2,1
63,2,12/21/06 13:52,6,0.714,1,1
63,2,12/21/06 13:52,6,0.97,2,1
63,2,12/21/06 13:52,6,1.022,2,1
63,2,12/21/06 13:52,6,1.466,1,1
63,2,12/21/06 13:52,8,0.466,2,1
63,2,12/21/06 13:52,8,0.508,1,1
63,2,12/21/06 13:52,8,0.513,1,1
63,2,12/21/06 13:52,8,0.518,2,1
63,2,12/21/06 13:53,4,0.326,1,1
63,2,12/21/06 13:53,4,0.388,2,0
63,2,12/21/06 13:53,4,0.562,1,1
63,2,12/21/06 13:53,4,0.813,2,1
63,2,12/21/06 13:53,4,1.019,1,1
63,2,12/21/06 13:53,6,0.179,1,1
63,2,12/21/06 13:53,6,0.267,2,1
63,2,12/21/06 13:53,6,0.447,2,1
63,2,12/21/06 13:53,6,0.645,2,1
63,2,12/21/06 13:53,8,0.255,2,1
64,1,12/21/06 14:15,6,0.861,2,1
64,1,12/21/06 14:15,6,1.277,2,1
64,1,12/21/06 14:16,4,0.146,2,1
64,1,12/21/06 14:16,4,0.975,2,1
64,1,12/21/06 14:16,4,1.121,2,1
64,1,12/21/06 14:16,4,1.267,2,1
64,1,12/21/06 14:16,6,0.431,1,1
64,1,12/21/06 14:16,6,0.957,2,1
64,1,12/21/06 14:16,6,1.974,2,1
64,1,12/21/06 14:16,6,2.202,2,0
64,1,12/21/06 14:16,8,0.664,1,1
64,1,12/21/06 14:16,8,1.343,1,1
64,1,12/21/06 14:17,4,0.713,2,1
64,1,12/21/06 14:17,4,0.826,2,0
64,1,12/21/06 14:17,4,0.967,2,1
64,1,12/21/06 14:17,6,0.481,2,1
64,1,12/21/06 14:17,6,0.668,2,1
64,1,12/21/06 14:17,6,1.429,1,1
64,1,12/21/06 14:17,6,1.634,1,1
64,1,12/21/06 14:17,8,1.304,2,0
64,1,12/21/06 14:17,8,4.542,2,1
64,1,12/21/06 14:18,4,0.184,2,1
64,1,12/21/06 14:18,4,0.195,1,1
64,1,12/21/06 14:18,4,1.181,2,0
64,1,12/21/06 14:18,4,3.056,2,1
64,1,12/21/06 14:18,6,0.502,1,1
64,1,12/21/06 14:18,6,1.073,-1,0
64,1,12/21/06 14:18,8,0.287,1,1
64,1,12/21/06 14:18,8,0.954,1,1
64,1,12/21/06 14:18,8,1.062,1,1
65,24,12/21/06 14:32,4,0.653,1,0
65,24,12/21/06 14:32,4,1.245,2,1
65,24,12/21/06 14:32,6,0.47,2,1
65,24,12/21/06 14:32,6,0.627,1,0
65,24,12/21/06 14:32,6,0.641,1,0
65,24,12/21/06 14:32,6,3.901,2,1
65,24,12/21/06 14:32,8,0.282,1,1
65,24,12/21/06 14:32,8,0.348,1,1
65,24,12/21/06 14:32,8,1.533,2,0
65,24,12/21/06 14:32,8,2.931,1,1
65,24,12/21/06 14:33,4,0.303,2,0
65,24,12/21/06 14:33,4,0.453,2,0
65,24,12/21/06 14:33,4,0.466,2,0
65,24,12/21/06 14:33,4,1.884,1,0
65,24,12/21/06 14:33,4,2.235,2,1
65,24,12/21/06 14:33,6,0.212,1,0
65,24,12/21/06 14:33,6,0.219,1,0
65,24,12/21/06 14:33,6,0.45,1,0
65,24,12/21/06 14:33,6,0.472,2,0
65,24,12/21/06 14:33,6,0.761,2,0
65,24,12/21/06 14:33,8,0.588,1,1
65,24,12/21/06 14:34,4,0.416,2,0
65,24,12/21/06 14:34,4,2.337,1,0
65,24,12/21/06 14:34,6,0.226,1,1
65,24,12/21/06 14:34,6,0.326,1,0
65,24,12/21/06 14:34,6,0.442,1,1
65,24,12/21/06 14:34,8,0.107,2,1
65,24,12/21/06 14:34,8,0.289,2,1
65,24,12/21/06 14:34,8,0.526,1,1
65,24,12/21/06 14:34,8,1.053,2,1
66,12,12/21/06 14:57,4,0.645,2,1
66,12,12/21/06 14:57,4,2.367,1,0
66,12,12/21/06 14:57,4,2.808,1,1
66,12,12/21/06 14:57,6,0.684,2,0
66,12,12/21/06 14:57,6,1.087,1,1
66,12,12/21/06 14:57,6,1.276,1,1
66,12,12/21/06 14:57,6,1.813,1,0
66,12,12/21/06 14:57,8,0.504,1,0
66,12,12/21/06 14:57,8,0.69,1,1
66,12,12/21/06 14:57,8,0.799,2,1
66,12,12/21/06 14:57,8,0.976,1,1
66,12,12/21/06 14:58,4,0.527,1,0
66,12,12/21/06 14:58,4,0.604,1,0
66,12,12/21/06 14:58,4,1.996,1,1
66,12,12/21/06 14:58,6,0.167,1,0
66,12,12/21/06 14:58,6,0.869,1,0
66,12,12/21/06 14:58,6,1.139,2,1
66,12,12/21/06 14:58,6,2.248,1,1
66,12,12/21/06 14:58,6,2.873,2,1
66,12,12/21/06 14:58,8,0.281,1,1
66,12,12/21/06 14:58,8,0.538,2,1
66,12,12/21/06 14:58,8,0.819,1,0
66,12,12/21/06 14:59,4,0.111,1,0
66,12,12/21/06 14:59,4,3.318,2,0
66,12,12/21/06 14:59,6,0.747,2,0
66,12,12/21/06 14:59,6,8.302,2,1
66,12,12/21/06 14:59,8,0.217,2,0
66,12,12/21/06 14:59,8,0.471,2,0
66,12,12/21/06 14:59,8,0.866,1,0
66,12,12/21/06 14:59,8,1.114,2,1
67,8,12/21/06 15:07,6,0.858,1,1
67,8,12/21/06 15:07,6,0.976,1,1
67,8,12/21/06 15:07,8,0.667,1,1
67,8,12/21/06 15:07,8,2.191,1,1
67,8,12/21/06 15:08,4,0.373,1,1
67,8,12/21/06 15:08,4,0.677,2,1
67,8,12/21/06 15:08,4,1.066,2,1
67,8,12/21/06 15:08,4,1.221,2,1
67,8,12/21/06 15:08,4,2.712,2,1
67,8,12/21/06 15:08,4,4.233,2,1
67,8,12/21/06 15:08,6,0.413,1,1
67,8,12/21/06 15:08,6,0.904,1,0
67,8,12/21/06 15:08,8,0.828,2,1
67,8,12/21/06 15:08,8,1.262,1,1
67,8,12/21/06 15:08,8,3.119,1,1
67,8,12/21/06 15:09,4,0.858,1,1
67,8,12/21/06 15:09,4,0.899,1,0
67,8,12/21/06 15:09,4,3.744,1,0
67,8,12/21/06 15:09,6,0.032,1,1
67,8,12/21/06 15:09,6,0.191,1,0
67,8,12/21/06 15:09,6,0.53,2,1
67,8,12/21/06 15:09,6,1.393,1,1
67,8,12/21/06 15:09,6,2.681,1,0
67,8,12/21/06 15:09,6,4.675,1,0
67,8,12/21/06 15:09,8,0.258,1,1
67,8,12/21/06 15:09,8,0.42,1,0
67,8,12/21/06 15:09,8,0.628,1,1
67,8,12/21/06 15:10,4,0.708,1,0
67,8,12/21/06 15:10,6,0.738,1,1
67,8,12/21/06 15:10,8,0.3,1,0
68,6,12/21/06 15:31,8,0.633,-1,0
68,6,12/21/06 15:32,4,0.077,1,0
68,6,12/21/06 15:32,4,0.169,1,0
68,6,12/21/06 15:32,4,0.206,2,0
68,6,12/21/06 15:32,4,0.374,2,1
68,6,12/21/06 15:32,4,0.428,2,1
68,6,12/21/06 15:32,4,1.597,1,0
68,6,12/21/06 15:32,6,0.204,2,1
68,6,12/21/06 15:32,6,0.274,2,1
68,6,12/21/06 15:32,8,0.23,1,1
68,6,12/21/06 15:32,8,0.26,1,1
68,6,12/21/06 15:32,8,0.265,1,1
68,6,12/21/06 15:32,8,0.282,1,1
68,6,12/21/06 15:32,8,0.286,2,1
68,6,12/21/06 15:32,8,0.527,1,1
68,6,12/21/06 15:33,4,0,1,0
68,6,12/21/06 15:33,4,0,1,0
68,6,12/21/06 15:33,4,0.23,1,0
68,6,12/21/06 15:33,4,0.236,2,1
68,6,12/21/06 15:33,4,0.858,2,0
68,6,12/21/06 15:33,6,0.309,2,1
68,6,12/21/06 15:33,6,0.386,1,0
68,6,12/21/06 15:33,6,0.57,1,1
68,6,12/21/06 15:33,6,0.583,2,1
68,6,12/21/06 15:33,8,0.126,2,0
68,6,12/21/06 15:33,8,0.213,1,1
68,6,12/21/06 15:33,8,0.4,2,0
68,6,12/21/06 15:33,8,0.464,1,0
68,6,12/21/06 15:33,8,0.6,2,0
68,6,12/21/06 15:34,4,1.303,2,0
69,4,12/21/06 16:15,6,1.305,1,1
69,4,12/21/06 16:15,6,9.393,1,1
69,4,12/21/06 16:15,8,3.842,2,1
69,4,12/21/06 16:15,8,4.832,2,1
69,4,12/21/06 16:16,4,0.614,1,1
69,4,12/21/06 16:16,4,2.545,2,1
69,4,12/21/06 16:16,4,2.945,2,1
69,4,12/21/06 16:16,6,0.612,1,1
69,4,12/21/06 16:16,6,0.624,1,1
69,4,12/21/06 16:16,6,1.122,2,1
69,4,12/21/06 16:16,6,1.646,2,1
69,4,12/21/06 16:16,8,0.675,1,1
69,4,12/21/06 16:16,8,1.92,2,1
69,4,12/21/06 16:16,8,1.983,1,1
69,4,12/21/06 16:16,8,3.068,2,0
69,4,12/21/06 16:17,4,0.933,1,1
69,4,12/21/06 16:17,4,1.101,1,0
69,4,12/21/06 16:17,4,1.184,2,1
69,4,12/21/06 16:17,6,0.47,1,1
69,4,12/21/06 16:17,6,0.884,2,1
69,4,12/21/06 16:17,6,1.563,2,1
69,4,12/21/06 16:17,6,1.905,1,1
69,4,12/21/06 16:17,8,0.409,1,1
69,4,12/21/06 16:17,8,0.48,2,1
69,4,12/21/06 16:17,8,0.485,1,1
69,4,12/21/06 16:17,8,0.634,1,1
69,4,12/21/06 16:17,8,0.835,2,1
69,4,12/21/06 16:18,4,1.188,2,1
69,4,12/21/06 16:18,6,1.099,2,1
69,4,12/21/06 16:18,8,0.688,2,1
7,2,10/29/06 11:16,4,1.184,2,1
7,2,10/29/06 11:16,6,0.447,2,1
7,2,10/29/06 11:16,6,0.714,1,1
7,2,10/29/06 11:16,6,1.005,1,1
7,2,10/29/06 11:16,8,0.887,1,1
7,2,10/29/06 11:17,4,1.854,1,0
7,2,10/29/06 11:17,4,3.548,1,1
7,2,10/29/06 11:17,6,0.171,2,1
7,2,10/29/06 11:17,6,0.353,1,1
7,2,10/29/06 11:17,6,0.563,2,1
7,2,10/29/06 11:17,6,0.975,2,1
7,2,10/29/06 11:17,8,0,1,1
7,2,10/29/06 11:17,8,0.187,1,1
7,2,10/29/06 11:17,8,0.322,1,1
7,2,10/29/06 11:17,8,0.355,1,1
7,2,10/29/06 11:17,8,0.362,2,1
7,2,10/29/06 11:17,8,1.109,1,1
7,2,10/29/06 11:18,4,0.426,2,1
7,2,10/29/06 11:18,4,0.555,2,0
7,2,10/29/06 11:18,4,0.696,1,0
7,2,10/29/06 11:18,4,1.29,1,1
7,2,10/29/06 11:18,6,0.568,2,1
7,2,10/29/06 11:18,6,0.582,2,1
7,2,10/29/06 11:18,6,0.663,2,1
7,2,10/29/06 11:18,6,0.873,2,1
7,2,10/29/06 11:18,6,1.119,2,1
7,2,10/29/06 11:18,8,0.327,2,1
7,2,10/29/06 11:18,8,0.422,2,1
7,2,10/29/06 11:18,8,0.65,1,0
7,2,10/29/06 11:18,8,1.344,1,1
8,1,10/29/06 11:25,4,0.348,2,1
8,1,10/29/06 11:25,4,0.548,1,1
8,1,10/29/06 11:25,4,0.719,2,1
8,1,10/29/06 11:25,4,1.292,1,1
8,1,10/29/06 11:25,6,0.301,1,1
8,1,10/29/06 11:25,6,0.383,1,1
8,1,10/29/06 11:25,6,0.39,2,1
8,1,10/29/06 11:25,8,0.201,2,1
8,1,10/29/06 11:25,8,0.694,1,1
8,1,10/29/06 11:26,4,0.274,2,1
8,1,10/29/06 11:26,4,0.452,2,1
8,1,10/29/06 11:26,4,1.019,2,1
8,1,10/29/06 11:26,6,0.493,1,1
8,1,10/29/06 11:26,6,0.97,2,1
8,1,10/29/06 11:26,6,1.108,1,1
8,1,10/29/06 11:26,6,1.188,2,1
8,1,10/29/06 11:26,8,0.455,2,1
8,1,10/29/06 11:26,8,0.593,2,1
8,1,10/29/06 11:26,8,1.153,1,1
8,1,10/29/06 11:26,8,1.774,2,0
8,1,10/29/06 11:27,4,0.522,2,1
8,1,10/29/06 11:27,4,1.122,1,1
8,1,10/29/06 11:27,4,1.685,1,1
8,1,10/29/06 11:27,6,0.457,2,1
8,1,10/29/06 11:27,6,0.551,1,1
8,1,10/29/06 11:27,6,0.587,1,1
8,1,10/29/06 11:27,8,0.165,1,1
8,1,10/29/06 11:27,8,0.444,1,1
8,1,10/29/06 11:27,8,0.965,2,1
8,1,10/29/06 11:27,8,1.502,1,1
9,24,10/29/06 11:34,4,2.88,2,0
9,24,10/29/06 11:34,6,2.615,1,0
9,24,10/29/06 11:35,4,1.041,2,1
9,24,10/29/06 11:35,4,1.252,1,1
9,24,10/29/06 11:35,4,4.36,2,0
9,24,10/29/06 11:35,4,5.405,1,0
9,24,10/29/06 11:35,6,1.219,2,0
9,24,10/29/06 11:35,8,0.972,2,0
9,24,10/29/06 11:35,8,1.159,2,0
9,24,10/29/06 11:35,8,1.767,1,1
9,24,10/29/06 11:36,4,0.676,1,0
9,24,10/29/06 11:36,4,1.466,1,1
9,24,10/29/06 11:36,4,2.123,1,0
9,24,10/29/06 11:36,4,2.94,2,1
9,24,10/29/06 11:36,6,0.672,1,0
9,24,10/29/06 11:36,6,1.308,1,0
9,24,10/29/06 11:36,6,1.672,1,0
9,24,10/29/06 11:36,6,3.242,2,1
9,24,10/29/06 11:36,8,0.735,2,1
9,24,10/29/06 11:36,8,1.012,1,0
9,24,10/29/06 11:37,4,1.102,1,0
9,24,10/29/06 11:37,6,0.71,1,1
9,24,10/29/06 11:37,6,2.137,1,0
9,24,10/29/06 11:37,6,2.942,1,0
9,24,10/29/06 11:37,6,6.422,1,1
9,24,10/29/06 11:37,8,0.311,2,0
9,24,10/29/06 11:37,8,1.04,1,1
9,24,10/29/06 11:37,8,4.216,2,0
9,24,10/29/06 11:38,6,1.471,1,0
9,24,10/29/06 11:38,8,0.11,2,0
94,3,2/17/07 12:16,4,0.778,2,1
94,3,2/17/07 12:16,4,1.985,2,0
94,3,2/17/07 12:16,4,8.127,2,1
94,3,2/17/07 12:16,6,0.663,2,1
94,3,2/17/07 12:16,6,1.633,1,0
94,3,2/17/07 12:16,8,0.701,1,1
94,3,2/17/07 12:16,8,0.966,1,1
94,3,2/17/07 12:16,8,1.075,2,1
94,3,2/17/07 12:16,8,1.285,2,0
94,3,2/17/07 12:16,8,1.563,2,0
94,3,2/17/07 12:16,8,2.993,1,1
94,3,2/17/07 12:17,4,0.203,2,0
94,3,2/17/07 12:17,4,0.649,1,0
94,3,2/17/07 12:17,4,0.687,1,0
94,3,2/17/07 12:17,4,5.167,2,0
94,3,2/17/07 12:17,6,0.232,1,0
94,3,2/17/07 12:17,6,0.288,2,1
94,3,2/17/07 12:17,6,0.912,1,1
94,3,2/17/07 12:17,6,2.282,2,1
94,3,2/17/07 12:17,8,0.579,1,0
94,3,2/17/07 12:17,8,1.323,1,1
94,3,2/17/07 12:17,8,2.885,2,0
94,3,2/17/07 12:18,4,2.606,2,0
94,3,2/17/07 12:18,4,3.528,2,1
94,3,2/17/07 12:18,6,0.158,2,0
94,3,2/17/07 12:18,6,0.462,1,1
94,3,2/17/07 12:18,6,0.481,1,1
94,3,2/17/07 12:18,8,0.519,1,0
94,3,2/17/07 12:18,8,0.707,1,0
94,3,2/17/07 12:18,8,2.34,2,1
95,2,2/17/07 12:25,4,0.861,2,1
95,2,2/17/07 12:25,6,0.941,2,1
95,2,2/17/07 12:25,6,1.175,2,1
95,2,2/17/07 12:26,4,0.312,1,1
95,2,2/17/07 12:26,4,0.34,1,1
95,2,2/17/07 12:26,4,0.415,2,1
95,2,2/17/07 12:26,6,0.326,1,1
95,2,2/17/07 12:26,6,0.474,2,1
95,2,2/17/07 12:26,6,0.685,2,1
95,2,2/17/07 12:26,8,0.181,2,1
95,2,2/17/07 12:26,8,0.199,2,1
95,2,2/17/07 12:26,8,0.279,2,1
95,2,2/17/07 12:26,8,0.302,1,1
95,2,2/17/07 12:26,8,0.335,1,1
95,2,2/17/07 12:26,8,0.433,1,1
95,2,2/17/07 12:26,8,1.088,1,1
95,2,2/17/07 12:27,4,0.217,2,1
95,2,2/17/07 12:27,4,0.245,2,1
95,2,2/17/07 12:27,4,0.71,2,1
95,2,2/17/07 12:27,4,0.77,1,1
95,2,2/17/07 12:27,6,0.218,1,1
95,2,2/17/07 12:27,6,0.259,2,1
95,2,2/17/07 12:27,6,0.271,1,1
95,2,2/17/07 12:27,6,0.331,1,1
95,2,2/17/07 12:27,6,0.564,1,1
95,2,2/17/07 12:27,8,0.091,2,1
95,2,2/17/07 12:27,8,0.207,1,1
95,2,2/17/07 12:27,8,0.213,1,1
95,2,2/17/07 12:27,8,0.255,1,1
95,2,2/17/07 12:27,8,0.273,1,1
96,1,2/17/07 12:54,4,0.706,2,1
96,1,2/17/07 12:54,6,1.754,1,1
96,1,2/17/07 12:55,4,0.334,2,1
96,1,2/17/07 12:55,4,0.346,2,1
96,1,2/17/07 12:55,4,0.391,2,1
96,1,2/17/07 12:55,4,0.408,1,1
96,1,2/17/07 12:55,4,0.416,1,1
96,1,2/17/07 12:55,4,0.429,1,1
96,1,2/17/07 12:55,4,0.779,1,1
96,1,2/17/07 12:55,6,0.204,1,1
96,1,2/17/07 12:55,6,0.26,2,1
96,1,2/17/07 12:55,6,0.293,1,1
96,1,2/17/07 12:55,6,0.328,2,1
96,1,2/17/07 12:55,6,0.376,1,1
96,1,2/17/07 12:55,6,0.545,1,1
96,1,2/17/07 12:55,8,0.2,2,1
96,1,2/17/07 12:55,8,1.154,1,1
96,1,2/17/07 12:56,4,0.24,2,1
96,1,2/17/07 12:56,4,0.252,1,1
96,1,2/17/07 12:56,4,0.402,2,1
96,1,2/17/07 12:56,6,0.145,2,1
96,1,2/17/07 12:56,6,0.197,1,1
96,1,2/17/07 12:56,6,0.219,1,1
96,1,2/17/07 12:56,6,0.279,2,1
96,1,2/17/07 12:56,8,0.073,2,1
96,1,2/17/07 12:56,8,0.194,2,1
96,1,2/17/07 12:56,8,0.207,2,1
96,1,2/17/07 12:56,8,0.275,1,1
96,1,2/17/07 12:56,8,0.295,2,1
96,1,2/17/07 12:56,8,0.405,2,1
97,2,2/17/07 12:56,4,1.172,2,1
97,2,2/17/07 12:56,6,0.838,2,1
97,2,2/17/07 12:56,6,4.664,2,1
97,2,2/17/07 12:57,4,0.21,2,0
97,2,2/17/07 12:57,4,0.733,1,1
97,2,2/17/07 12:57,4,0.79,2,1
97,2,2/17/07 12:57,6,0.235,1,0
97,2,2/17/07 12:57,6,0.496,2,0
97,2,2/17/07 12:57,6,0.752,2,1
97,2,2/17/07 12:57,8,0.088,1,0
97,2,2/17/07 12:57,8,0.243,1,1
97,2,2/17/07 12:57,8,0.26,1,1
97,2,2/17/07 12:57,8,0.778,2,1
97,2,2/17/07 12:57,8,0.794,1,1
97,2,2/17/07 12:57,8,0.893,1,1
97,2,2/17/07 12:57,8,1.508,2,1
97,2,2/17/07 12:58,4,0.138,1,0
97,2,2/17/07 12:58,4,0,2,0
97,2,2/17/07 12:58,4,0.331,2,1
97,2,2/17/07 12:58,4,0.333,1,0
97,2,2/17/07 12:58,6,0.089,1,1
97,2,2/17/07 12:58,6,0.172,1,1
97,2,2/17/07 12:58,6,0.185,2,0
97,2,2/17/07 12:58,6,0.641,1,1
97,2,2/17/07 12:58,8,0.126,2,0
97,2,2/17/07 12:58,8,0.213,2,0
97,2,2/17/07 12:58,8,0.67,2,0
97,2,2/17/07 12:58,8,1.22,1,0
97,2,2/17/07 12:58,8,2.003,2,0
97,2,2/17/07 12:59,6,5.83,1,0
98,8,2/24/07 10:58,8,8.723,2,0
98,8,2/24/07 10:59,4,4.915,2,1
98,8,2/24/07 10:59,4,5.613,1,0
98,8,2/24/07 10:59,4,7.583,2,1
98,8,2/24/07 10:59,6,0.717,1,1
98,8,2/24/07 10:59,6,1.132,1,1
98,8,2/24/07 10:59,6,1.892,2,1
98,8,2/24/07 10:59,8,0.653,1,0
98,8,2/24/07 10:59,8,5.143,2,1
98,8,2/24/07 11:00,4,0.488,2,1
98,8,2/24/07 11:00,4,1.206,2,1
98,8,2/24/07 11:00,4,3.219,2,1
98,8,2/24/07 11:00,6,0.752,2,1
98,8,2/24/07 11:00,6,7.128,1,1
98,8,2/24/07 11:00,8,0.438,2,1
98,8,2/24/07 11:00,8,2.656,1,0
98,8,2/24/07 11:00,8,2.918,2,0
98,8,2/24/07 11:00,8,6.693,2,1
98,8,2/24/07 11:01,4,0.417,1,1
98,8,2/24/07 11:01,6,0.788,2,1
98,8,2/24/07 11:01,6,6.449,1,1
98,8,2/24/07 11:01,8,1.047,1,0
98,8,2/24/07 11:01,8,1.15,1,1
98,8,2/24/07 11:01,8,1.329,1,0
98,8,2/24/07 11:01,8,4.005,2,1
98,8,2/24/07 11:01,8,4.855,2,0
98,8,2/24/07 11:01,8,4.908,1,0
98,8,2/24/07 11:02,4,6.011,1,1
98,8,2/24/07 11:02,6,1.45,2,1
98,8,2/24/07 11:02,8,9.635,2,1
