subid,n.types,timestamp,word.len,rt,keypress,correct
10,3,7/26/07 14:32,4,2.062,2,0
10,3,7/26/07 14:32,6,1.365,1,1
10,3,7/26/07 14:32,6,1.915,1,1
10,3,7/26/07 14:32,8,1.624,2,1
10,3,7/26/07 14:32,8,8.616,2,1
10,3,7/26/07 14:33,4,41.712,1,1
10,3,7/26/07 14:33,6,2.347,1,1
10,3,7/26/07 14:33,8,1.005,1,1
10,3,7/26/07 14:34,4,0.711,2,1
10,3,7/26/07 14:34,4,1.842,2,1
10,3,7/26/07 14:34,6,0.916,2,1
10,3,7/26/07 14:34,6,16.839,1,0
10,3,7/26/07 14:34,8,0.307,2,1
10,3,7/26/07 14:34,8,0.357,2,1
10,3,7/26/07 14:34,8,11.119,2,0
10,3,7/26/07 14:35,6,1.008,1,0
10,3,7/26/07 14:35,6,6.664,1,0
10,3,7/26/07 14:35,8,0.789,2,1
10,3,7/26/07 14:35,8,3.102,2,1
10,3,7/26/07 14:35,8,8.001,2,0
10,3,7/26/07 14:36,4,14.129,1,0
10,3,7/26/07 14:36,4,28.631,1,1
10,3,7/26/07 14:36,6,1.505,2,1
10,3,7/26/07 14:36,6,2.631,2,0
10,3,7/26/07 14:36,6,7.613,2,0
10,3,7/26/07 14:36,8,0.766,1,1
10,3,7/26/07 14:37,4,0.713,2,0
10,3,7/26/07 14:37,6,9.792,2,0
10,3,7/26/07 14:37,8,0.766,1,1
10,3,7/26/07 14:37,8,4.643,1,1
11,6,7/29/07 10:31,4,2.712,2,1
11,6,7/29/07 10:31,4,8.704,1,1
11,6,7/29/07 10:31,6,9.411,2,1
11,6,7/29/07 10:31,8,7.531,2,0
11,6,7/29/07 10:32,4,7.827,2,1
11,6,7/29/07 10:32,6,24.945,2,1
11,6,7/29/07 10:32,6,6.189,2,1
11,6,7/29/07 10:32,8,5.763,1,0
11,6,7/29/07 10:33,4,1.637,1,1
11,6,7/29/07 10:33,6,6.627,1,0
11,6,7/29/07 10:33,8,19.48,2,1
11,6,7/29/07 10:33,8,27.2,2,0
11,6,7/29/07 10:34,4,2.475,2,1
11,6,7/29/07 10:34,4,2.726,2,1
11,6,7/29/07 10:34,6,12.305,1,0
11,6,7/29/07 10:34,6,21.672,2,1
11,6,7/29/07 10:34,8,13.123,1,0
11,6,7/29/07 10:35,4,1.803,1,1
11,6,7/29/07 10:35,4,2.073,1,1
11,6,7/29/07 10:35,6,2.81,1,1
11,6,7/29/07 10:35,8,10.126,1,0
11,6,7/29/07 10:35,8,21.742,1,0
11,6,7/29/07 10:36,4,10.516,1,1
11,6,7/29/07 10:36,4,1.858,1,1
11,6,7/29/07 10:36,4,3.603,2,1
11,6,7/29/07 10:36,6,9.373,1,1
11,6,7/29/07 10:36,8,3.342,2,0
11,6,7/29/07 10:36,8,7.44,1,0
11,6,7/29/07 10:37,6,3.18,1,1
11,6,7/29/07 10:37,8,13.894,1,0
12,9,7/29/07 11:28,6,0.713,1,1
12,9,7/29/07 11:28,6,2.983,1,0
12,9,7/29/07 11:28,8,2.891,1,1
12,9,7/29/07 11:28,8,6.75,-1,0
12,9,7/29/07 11:29,4,2.389,1,0
12,9,7/29/07 11:29,6,1.49,-1,0
12,9,7/29/07 11:29,6,2.163,1,1
12,9,7/29/07 11:29,6,5.266,1,1
12,9,7/29/07 11:29,8,0.504,1,1
12,9,7/29/07 11:29,8,3.502,1,0
12,9,7/29/07 11:29,8,3.83,1,0
12,9,7/29/07 11:29,8,4.506,-1,0
12,9,7/29/07 11:30,4,0.401,2,0
12,9,7/29/07 11:30,4,0.835,1,0
12,9,7/29/07 11:30,4,1.498,1,0
12,9,7/29/07 11:30,4,1.842,1,1
12,9,7/29/07 11:30,4,2.164,2,0
12,9,7/29/07 11:30,6,0.294,1,1
12,9,7/29/07 11:30,6,0.417,1,1
12,9,7/29/07 11:30,8,0.141,1,1
12,9,7/29/07 11:30,8,1.675,2,0
12,9,7/29/07 11:30,8,1.903,2,0
12,9,7/29/07 11:30,8,2.549,1,1
12,9,7/29/07 11:30,8,5.862,2,1
12,9,7/29/07 11:31,4,0.198,1,0
12,9,7/29/07 11:31,4,0.917,2,0
12,9,7/29/07 11:31,6,0.96,1,1
12,9,7/29/07 11:31,8,0.26,1,1
12,9,7/29/07 11:31,8,0.984,1,0
12,9,7/29/07 11:31,8,9.468,2,1
13,3,7/29/07 12:00,4,0.557,2,1
13,3,7/29/07 12:00,4,0.73,1,1
13,3,7/29/07 12:00,4,37.028,1,1
13,3,7/29/07 12:00,6,0.416,2,1
13,3,7/29/07 12:00,6,0.627,1,1
13,3,7/29/07 12:00,6,0.998,2,1
13,3,7/29/07 12:00,6,1.99,2,1
13,3,7/29/07 12:00,8,0.627,1,1
13,3,7/29/07 12:00,8,1.122,1,1
13,3,7/29/07 12:00,8,1.321,2,1
13,3,7/29/07 12:01,4,0.225,2,1
13,3,7/29/07 12:01,4,0.388,1,1
13,3,7/29/07 12:01,4,0.404,2,1
13,3,7/29/07 12:01,4,0.411,1,1
13,3,7/29/07 12:01,4,0.4,2,1
13,3,7/29/07 12:01,4,0.583,2,1
13,3,7/29/07 12:01,4,0.615,1,1
13,3,7/29/07 12:01,6,0.542,1,1
13,3,7/29/07 12:01,6,0.776,2,1
13,3,7/29/07 12:01,8,0.392,1,1
13,3,7/29/07 12:01,8,0.438,1,1
13,3,7/29/07 12:01,8,0.462,1,1
13,3,7/29/07 12:01,8,0.567,2,1
13,3,7/29/07 12:01,8,0.72,1,1
13,3,7/29/07 12:02,4,0.35,1,1
13,3,7/29/07 12:02,4,5.779,2,1
13,3,7/29/07 12:02,6,0.452,1,1
13,3,7/29/07 12:02,6,0.876,1,1
13,3,7/29/07 12:02,8,0.766,2,1
13,3,7/29/07 12:02,8,0.824,2,1
1,3,5/19/07 13:55,4,1.042,2,1
1,3,5/19/07 13:55,4,1.047,1,1
1,3,5/19/07 13:55,4,1.054,1,1
1,3,5/19/07 13:55,4,1.429,2,1
1,3,5/19/07 13:55,4,2.821,2,1
1,3,5/19/07 13:55,6,1.36,1,1
1,3,5/19/07 13:55,6,1.373,1,1
1,3,5/19/07 13:55,6,2.361,1,0
1,3,5/19/07 13:55,8,0.932,2,1
1,3,5/19/07 13:55,8,0.97,1,1
1,3,5/19/07 13:55,8,1.303,1,1
1,3,5/19/07 13:56,4,0.705,2,1
1,3,5/19/07 13:56,4,0.876,2,1
1,3,5/19/07 13:56,4,1.312,1,1
1,3,5/19/07 13:56,6,0.169,1,1
1,3,5/19/07 13:56,6,0.339,1,1
1,3,5/19/07 13:56,6,0.98,2,1
1,3,5/19/07 13:56,6,1.852,1,1
1,3,5/19/07 13:56,6,2.066,2,0
1,3,5/19/07 13:56,6,3.307,1,0
1,3,5/19/07 13:56,8,0.985,1,1
1,3,5/19/07 13:56,8,1.817,2,1
1,3,5/19/07 13:56,8,1.835,1,1
1,3,5/19/07 13:57,4,0.228,2,1
1,3,5/19/07 13:57,4,0.887,2,1
1,3,5/19/07 13:57,6,0.189,1,1
1,3,5/19/07 13:57,6,1.265,1,1
1,3,5/19/07 13:57,8,0.421,1,1
1,3,5/19/07 13:57,8,0.535,2,1
1,3,5/19/07 13:57,8,0.779,2,1
14,6,7/29/07 12:17,4,0.863,1,1
14,6,7/29/07 12:17,4,1.328,2,0
14,6,7/29/07 12:17,4,1.751,1,1
14,6,7/29/07 12:17,6,1.095,2,0
14,6,7/29/07 12:17,8,0.803,1,1
14,6,7/29/07 12:18,4,0.944,2,0
14,6,7/29/07 12:18,4,1.5,1,0
14,6,7/29/07 12:18,4,1.828,2,0
14,6,7/29/07 12:18,6,0.748,1,1
14,6,7/29/07 12:18,6,1.66,2,1
14,6,7/29/07 12:18,6,1.693,2,1
14,6,7/29/07 12:18,8,0.396,2,1
14,6,7/29/07 12:18,8,0.449,1,1
14,6,7/29/07 12:18,8,0.474,1,1
14,6,7/29/07 12:18,8,0.587,2,1
14,6,7/29/07 12:18,8,1.038,2,1
14,6,7/29/07 12:18,8,2.995,1,1
14,6,7/29/07 12:19,4,0.917,1,1
14,6,7/29/07 12:19,4,1.396,2,1
14,6,7/29/07 12:19,4,1.403,2,0
14,6,7/29/07 12:19,4,1.843,2,0
14,6,7/29/07 12:19,4,1.919,2,1
14,6,7/29/07 12:19,6,0.443,2,1
14,6,7/29/07 12:19,6,0.491,2,1
14,6,7/29/07 12:19,6,0.674,1,1
14,6,7/29/07 12:19,8,0.518,1,1
14,6,7/29/07 12:19,8,1.226,1,1
14,6,7/29/07 12:19,8,2.011,1,1
14,6,7/29/07 12:20,4,2.855,1,0
14,6,7/29/07 12:20,8,1.531,1,1
15,9,7/29/07 12:52,8,3.486,1,1
15,9,7/29/07 12:53,4,1.229,2,1
15,9,7/29/07 12:53,6,0.394,1,1
15,9,7/29/07 12:53,6,0.717,1,1
15,9,7/29/07 12:53,6,0.743,2,1
15,9,7/29/07 12:53,6,2.217,1,1
15,9,7/29/07 12:53,6,4.297,1,1
15,9,7/29/07 12:53,8,0.539,1,0
15,9,7/29/07 12:53,8,0.62,1,1
15,9,7/29/07 12:53,8,0.796,1,0
15,9,7/29/07 12:53,8,5.624,2,0
15,9,7/29/07 12:54,4,0.85,1,1
15,9,7/29/07 12:54,4,1.381,2,1
15,9,7/29/07 12:54,4,1.866,1,1
15,9,7/29/07 12:54,4,5.128,2,1
15,9,7/29/07 12:54,6,0.452,1,1
15,9,7/29/07 12:54,6,0.905,1,1
15,9,7/29/07 12:54,8,0.457,1,1
15,9,7/29/07 12:54,8,0.536,2,0
15,9,7/29/07 12:54,8,0.552,1,1
15,9,7/29/07 12:54,8,2.152,1,0
15,9,7/29/07 12:54,8,9.58,2,1
15,9,7/29/07 12:55,4,0.746,1,1
15,9,7/29/07 12:55,4,0.755,2,1
15,9,7/29/07 12:55,4,0.779,1,1
15,9,7/29/07 12:55,6,3.913,1,1
15,9,7/29/07 12:55,8,0.212,1,1
15,9,7/29/07 12:55,8,0.217,2,1
15,9,7/29/07 12:55,8,0.325,1,1
15,9,7/29/07 12:55,8,2.305,1,0
16,3,7/29/07 14:00,4,0.456,2,1
16,3,7/29/07 14:00,4,0.569,1,1
16,3,7/29/07 14:00,4,0.652,2,1
16,3,7/29/07 14:00,4,1.187,2,1
16,3,7/29/07 14:00,6,0.674,1,1
16,3,7/29/07 14:00,8,0.464,1,1
16,3,7/29/07 14:00,8,0.821,1,1
16,3,7/29/07 14:01,4,0.119,2,1
16,3,7/29/07 14:01,4,1.083,2,1
16,3,7/29/07 14:01,4,1.151,1,1
16,3,7/29/07 14:01,6,0.151,1,1
16,3,7/29/07 14:01,6,0.159,1,1
16,3,7/29/07 14:01,6,0.446,1,1
16,3,7/29/07 14:01,6,0.538,1,1
16,3,7/29/07 14:01,6,0.619,2,1
16,3,7/29/07 14:01,6,1.146,2,1
16,3,7/29/07 14:01,6,1.239,1,1
16,3,7/29/07 14:01,8,0.119,1,1
16,3,7/29/07 14:01,8,0.54,1,1
16,3,7/29/07 14:01,8,0.58,2,1
16,3,7/29/07 14:02,4,0.268,2,1
16,3,7/29/07 14:02,4,0.615,1,1
16,3,7/29/07 14:02,4,0.837,2,1
16,3,7/29/07 14:02,6,0.762,2,1
16,3,7/29/07 14:02,6,1.449,1,1
16,3,7/29/07 14:02,6,2.172,1,1
16,3,7/29/07 14:02,8,0.302,1,1
16,3,7/29/07 14:02,8,0.849,2,1
16,3,7/29/07 14:02,8,1.399,2,1
16,3,7/29/07 14:02,8,1.438,2,1
17,6,7/29/07 14:16,8,1.179,1,0
17,6,7/29/07 14:16,8,2.002,2,1
17,6,7/29/07 14:16,8,2.601,2,1
17,6,7/29/07 14:17,4,0.249,2,1
17,6,7/29/07 14:17,4,1.08,1,1
17,6,7/29/07 14:17,4,1.362,1,1
17,6,7/29/07 14:17,6,0.274,2,1
17,6,7/29/07 14:17,6,0.703,2,0
17,6,7/29/07 14:17,6,1.639,1,1
17,6,7/29/07 14:17,8,0.591,1,0
17,6,7/29/07 14:17,8,1.129,1,1
17,6,7/29/07 14:17,8,1.345,1,1
17,6,7/29/07 14:17,8,1.805,2,1
17,6,7/29/07 14:17,8,4.482,2,0
17,6,7/29/07 14:18,4,0.941,1,0
17,6,7/29/07 14:18,4,0.981,1,0
17,6,7/29/07 14:18,4,1.885,2,1
17,6,7/29/07 14:18,6,0.252,2,0
17,6,7/29/07 14:18,6,0.282,2,1
17,6,7/29/07 14:18,6,0.432,1,1
17,6,7/29/07 14:18,6,0.502,1,0
17,6,7/29/07 14:18,6,2.036,1,1
17,6,7/29/07 14:18,8,0.466,1,1
17,6,7/29/07 14:18,8,0.814,2,1
17,6,7/29/07 14:18,8,2.576,1,1
17,6,7/29/07 14:18,8,3.251,1,0
17,6,7/29/07 14:19,4,0.903,1,1
17,6,7/29/07 14:19,6,0.33,2,1
17,6,7/29/07 14:19,8,0.328,1,1
17,6,7/29/07 14:19,8,0.53,2,1
18,9,7/29/07 14:37,4,0.244,-1,0
18,9,7/29/07 14:37,4,2.182,-1,0
18,9,7/29/07 14:37,4,4.449,2,0
18,9,7/29/07 14:37,6,1.995,-1,0
18,9,7/29/07 14:37,6,2.28,1,1
18,9,7/29/07 14:37,6,3.135,-1,0
18,9,7/29/07 14:37,8,3.92,-1,0
18,9,7/29/07 14:37,8,7.012,-1,0
18,9,7/29/07 14:38,4,0.553,2,1
18,9,7/29/07 14:38,4,0.843,2,1
18,9,7/29/07 14:38,4,0.881,2,1
18,9,7/29/07 14:38,4,0.979,2,0
18,9,7/29/07 14:38,4,1.163,2,1
18,9,7/29/07 14:38,4,1.176,2,1
18,9,7/29/07 14:38,4,1.72,1,0
18,9,7/29/07 14:38,4,2.206,1,0
18,9,7/29/07 14:38,6,1.358,2,0
18,9,7/29/07 14:38,6,1.805,2,0
18,9,7/29/07 14:38,6,1.905,2,1
18,9,7/29/07 14:38,8,1.069,2,1
18,9,7/29/07 14:39,4,0.467,2,1
18,9,7/29/07 14:39,4,0.79,1,1
18,9,7/29/07 14:39,4,0.977,2,0
18,9,7/29/07 14:39,4,0.988,2,0
18,9,7/29/07 14:39,6,0,2,1
18,9,7/29/07 14:39,6,0.488,1,1
18,9,7/29/07 14:39,8,0.175,2,1
18,9,7/29/07 14:39,8,0.861,1,0
18,9,7/29/07 14:39,8,1.453,1,0
18,9,7/29/07 14:39,8,1.999,2,0
201,4,3/16/08 14:52,4,0.413,1,0
201,4,3/16/08 14:52,4,0.877,1,1
201,4,3/16/08 14:52,4,3.435,-1,0
201,4,3/16/08 14:52,6,0.336,2,1
201,4,3/16/08 14:52,8,0.367,2,1
201,4,3/16/08 14:52,8,1.935,2,0
201,4,3/16/08 14:53,4,0.288,1,1
201,4,3/16/08 14:53,4,0.315,2,1
201,4,3/16/08 14:53,4,0.324,2,0
201,4,3/16/08 14:53,4,0.395,1,0
201,4,3/16/08 14:53,4,0.413,1,0
201,4,3/16/08 14:53,4,0.434,1,0
201,4,3/16/08 14:53,4,0.486,2,0
201,4,3/16/08 14:53,6,0.322,2,1
201,4,3/16/08 14:53,6,0.325,2,0
201,4,3/16/08 14:53,6,0.325,2,1
201,4,3/16/08 14:53,8,0.284,1,1
201,4,3/16/08 14:53,8,0.342,2,1
201,4,3/16/08 14:53,8,0.366,1,0
201,4,3/16/08 14:53,8,0.442,1,1
201,4,3/16/08 14:53,8,0.483,2,0
201,4,3/16/08 14:54,4,0.365,1,1
201,4,3/16/08 14:54,4,0.386,2,0
201,4,3/16/08 14:54,4,0.387,2,1
201,4,3/16/08 14:54,4,0.391,1,1
201,4,3/16/08 14:54,4,0.431,2,1
201,4,3/16/08 14:54,6,0.312,2,1
201,4,3/16/08 14:54,6,0.314,1,0
201,4,3/16/08 14:54,8,0.278,2,1
201,4,3/16/08 14:54,8,0.447,2,1
202,4,3/16/08 15:23,6,2.873,1,0
202,4,3/16/08 15:23,8,2.624,2,1
202,4,3/16/08 15:24,4,0.371,1,1
202,4,3/16/08 15:24,4,0.388,2,0
202,4,3/16/08 15:24,4,0.4,2,1
202,4,3/16/08 15:24,4,0.458,2,1
202,4,3/16/08 15:24,4,0.497,2,1
202,4,3/16/08 15:24,4,0.529,2,1
202,4,3/16/08 15:24,4,2.32,2,0
202,4,3/16/08 15:24,6,0.635,1,0
202,4,3/16/08 15:24,6,1.769,1,1
202,4,3/16/08 15:24,6,2.146,2,0
202,4,3/16/08 15:24,8,0.567,1,1
202,4,3/16/08 15:24,8,0.57,2,1
202,4,3/16/08 15:24,8,0.624,1,1
202,4,3/16/08 15:25,4,0.686,1,1
202,4,3/16/08 15:25,4,1.042,1,1
202,4,3/16/08 15:25,4,1.159,2,0
202,4,3/16/08 15:25,4,1.716,2,0
202,4,3/16/08 15:25,4,2.378,1,0
202,4,3/16/08 15:25,6,0.464,1,0
202,4,3/16/08 15:25,6,1.144,1,0
202,4,3/16/08 15:25,6,1.814,2,0
202,4,3/16/08 15:25,8,0.341,1,1
202,4,3/16/08 15:25,8,0.681,1,0
202,4,3/16/08 15:25,8,1.018,1,0
202,4,3/16/08 15:25,8,1.223,1,0
202,4,3/16/08 15:26,4,0.142,1,0
202,4,3/16/08 15:26,4,0.457,1,0
202,4,3/16/08 15:26,4,0.835,2,0
203,4,3/16/08 15:45,4,1.467,1,1
203,4,3/16/08 15:45,6,0.265,1,1
203,4,3/16/08 15:46,4,0.198,1,1
203,4,3/16/08 15:46,4,0.228,1,1
203,4,3/16/08 15:46,4,0.33,1,1
203,4,3/16/08 15:46,4,0.391,2,1
203,4,3/16/08 15:46,4,0.439,2,1
203,4,3/16/08 15:46,4,1.014,2,1
203,4,3/16/08 15:46,6,0.001,1,1
203,4,3/16/08 15:46,6,0,1,1
203,4,3/16/08 15:46,6,0.272,2,1
203,4,3/16/08 15:46,6,0.403,1,1
203,4,3/16/08 15:46,6,0.408,1,1
203,4,3/16/08 15:46,8,0.22,2,1
203,4,3/16/08 15:46,8,0.319,1,1
203,4,3/16/08 15:46,8,0.332,2,1
203,4,3/16/08 15:46,8,0.965,2,1
203,4,3/16/08 15:47,4,0.149,2,1
203,4,3/16/08 15:47,4,0.194,1,1
203,4,3/16/08 15:47,4,0.259,2,1
203,4,3/16/08 15:47,4,0.359,2,1
203,4,3/16/08 15:47,4,0.516,1,1
203,4,3/16/08 15:47,4,0.575,1,1
203,4,3/16/08 15:47,4,1.16,2,1
203,4,3/16/08 15:47,6,2.43,1,1
203,4,3/16/08 15:47,6,3.693,2,1
203,4,3/16/08 15:47,8,0.15,2,1
203,4,3/16/08 15:47,8,0.303,1,1
203,4,3/16/08 15:47,8,0.325,1,1
203,4,3/16/08 15:47,8,0.5,1,1
204,5,3/16/08 15:48,4,0.192,2,1
204,5,3/16/08 15:48,8,0.284,2,1
204,5,3/16/08 15:49,4,0.074,2,1
204,5,3/16/08 15:49,4,0.076,2,1
204,5,3/16/08 15:49,4,0.125,1,1
204,5,3/16/08 15:49,4,0.178,1,1
204,5,3/16/08 15:49,4,0.219,2,1
204,5,3/16/08 15:49,4,0.363,2,1
204,5,3/16/08 15:49,6,0.101,2,1
204,5,3/16/08 15:49,6,0.177,1,1
204,5,3/16/08 15:49,6,0.269,1,1
204,5,3/16/08 15:49,6,0.469,1,1
204,5,3/16/08 15:49,8,0.004,1,1
204,5,3/16/08 15:49,8,0.068,1,1
204,5,3/16/08 15:49,8,0.069,1,1
204,5,3/16/08 15:49,8,0.109,1,1
204,5,3/16/08 15:50,4,0.051,1,1
204,5,3/16/08 15:50,4,0.072,2,1
204,5,3/16/08 15:50,4,0.095,2,1
204,5,3/16/08 15:50,4,0.234,2,1
204,5,3/16/08 15:50,4,0.269,2,1
204,5,3/16/08 15:50,4,0.287,2,1
204,5,3/16/08 15:50,4,0.317,2,1
204,5,3/16/08 15:50,6,0.088,2,1
204,5,3/16/08 15:50,6,0.135,1,1
204,5,3/16/08 15:50,6,0.173,2,1
204,5,3/16/08 15:50,6,0.21,1,1
204,5,3/16/08 15:50,6,0.328,1,1
204,5,3/16/08 15:50,8,0.037,2,1
204,5,3/16/08 15:50,8,0.218,2,1
20r1,6,7/29/07 15:01,4,4.812,1,1
20r1,6,7/29/07 15:02,4,0.677,1,1
20r1,6,7/29/07 15:02,4,0.953,1,1
20r1,6,7/29/07 15:02,4,2.381,1,0
20r1,6,7/29/07 15:02,4,3.199,1,1
20r1,6,7/29/07 15:02,4,4.887,2,0
20r1,6,7/29/07 15:02,6,0.557,2,1
20r1,6,7/29/07 15:02,6,0.736,1,0
20r1,6,7/29/07 15:02,6,1.258,1,1
20r1,6,7/29/07 15:02,6,2.097,1,1
20r1,6,7/29/07 15:02,8,0.682,1,1
20r1,6,7/29/07 15:02,8,0.916,2,1
20r1,6,7/29/07 15:02,8,1.394,2,0
20r1,6,7/29/07 15:03,4,0.941,2,0
20r1,6,7/29/07 15:03,4,1.677,2,1
20r1,6,7/29/07 15:03,4,1.718,2,0
20r1,6,7/29/07 15:03,6,0.998,1,1
20r1,6,7/29/07 15:03,6,2.967,1,0
20r1,6,7/29/07 15:03,8,0.282,1,1
20r1,6,7/29/07 15:03,8,0.314,2,1
20r1,6,7/29/07 15:03,8,0.44,1,1
20r1,6,7/29/07 15:03,8,0.507,1,1
20r1,6,7/29/07 15:03,8,1.042,2,0
20r1,6,7/29/07 15:03,8,2.9,1,0
20r1,6,7/29/07 15:04,4,1.621,1,0
20r1,6,7/29/07 15:04,4,1.647,2,1
20r1,6,7/29/07 15:04,4,2.108,2,0
20r1,6,7/29/07 15:04,6,1.263,2,1
20r1,6,7/29/07 15:04,8,0.296,1,1
20r1,6,7/29/07 15:04,8,0.594,1,1
20r2,6,7/29/07 15:07,4,0.427,2,1
20r2,6,7/29/07 15:07,8,0.515,1,1
20r2,6,7/29/07 15:08,4,0.404,1,1
20r2,6,7/29/07 15:08,4,0.408,1,1
20r2,6,7/29/07 15:08,4,0.693,1,1
20r2,6,7/29/07 15:08,4,0.974,1,0
20r2,6,7/29/07 15:08,6,0.196,2,1
20r2,6,7/29/07 15:08,6,0.218,2,1
20r2,6,7/29/07 15:08,6,0.219,2,1
20r2,6,7/29/07 15:08,6,0.245,2,1
20r2,6,7/29/07 15:08,6,0.381,1,1
20r2,6,7/29/07 15:08,6,0.505,1,1
20r2,6,7/29/07 15:08,6,0.561,2,1
20r2,6,7/29/07 15:08,6,0.564,2,1
20r2,6,7/29/07 15:08,8,0.425,2,1
20r2,6,7/29/07 15:08,8,0.614,2,1
20r2,6,7/29/07 15:09,4,0.263,2,1
20r2,6,7/29/07 15:09,4,0.317,1,1
20r2,6,7/29/07 15:09,4,0.418,2,1
20r2,6,7/29/07 15:09,4,0.527,2,1
20r2,6,7/29/07 15:09,4,0.754,1,1
20r2,6,7/29/07 15:09,4,0.928,2,1
20r2,6,7/29/07 15:09,4,1.058,1,1
20r2,6,7/29/07 15:09,6,0.184,2,1
20r2,6,7/29/07 15:09,6,0.371,1,1
20r2,6,7/29/07 15:09,6,0.653,1,1
20r2,6,7/29/07 15:09,8,0.147,2,1
20r2,6,7/29/07 15:09,8,0.383,2,1
20r2,6,7/29/07 15:09,8,0.662,2,1
20r2,6,7/29/07 15:09,8,0.678,1,1
21,9,7/29/07 15:32,4,0.743,1,0
21,9,7/29/07 15:32,4,2.782,-1,0
21,9,7/29/07 15:32,6,0.512,1,1
21,9,7/29/07 15:32,6,0.804,2,0
21,9,7/29/07 15:32,6,0.851,-1,0
21,9,7/29/07 15:32,6,0.875,2,1
21,9,7/29/07 15:32,6,1.655,2,0
21,9,7/29/07 15:32,8,1.179,2,0
21,9,7/29/07 15:33,4,3.434,2,1
21,9,7/29/07 15:33,6,0.494,1,1
21,9,7/29/07 15:33,6,1.166,1,1
21,9,7/29/07 15:33,8,0.424,1,1
21,9,7/29/07 15:33,8,0.65,1,1
21,9,7/29/07 15:33,8,0.657,2,1
21,9,7/29/07 15:33,8,0.785,2,0
21,9,7/29/07 15:33,8,0.911,1,0
21,9,7/29/07 15:33,8,1.167,1,1
21,9,7/29/07 15:33,8,4.836,2,1
21,9,7/29/07 15:34,4,0.992,2,0
21,9,7/29/07 15:34,6,0.493,2,1
21,9,7/29/07 15:34,6,0.594,1,0
21,9,7/29/07 15:34,6,1.207,1,0
21,9,7/29/07 15:34,6,1.295,2,1
21,9,7/29/07 15:34,6,1.745,2,0
21,9,7/29/07 15:34,8,0.424,1,1
21,9,7/29/07 15:34,8,0.602,1,1
21,9,7/29/07 15:34,8,0.746,1,0
21,9,7/29/07 15:34,8,0.973,1,1
21,9,7/29/07 15:34,8,1.177,2,0
21,9,7/29/07 15:34,8,1.625,1,0
22,3,7/29/07 15:58,4,0.475,2,1
22,3,7/29/07 15:58,4,0.518,1,1
22,3,7/29/07 15:58,4,0.958,2,1
22,3,7/29/07 15:58,4,2.237,2,1
22,3,7/29/07 15:58,6,0.788,2,1
22,3,7/29/07 15:58,6,0.953,1,1
22,3,7/29/07 15:58,6,2.649,2,1
22,3,7/29/07 15:58,8,1.318,2,1
22,3,7/29/07 15:59,4,0,2,1
22,3,7/29/07 15:59,6,0.226,1,1
22,3,7/29/07 15:59,6,0.249,1,1
22,3,7/29/07 15:59,6,0.382,2,1
22,3,7/29/07 15:59,6,0.458,1,1
22,3,7/29/07 15:59,6,0.698,1,1
22,3,7/29/07 15:59,6,0.966,1,1
22,3,7/29/07 15:59,6,1.223,2,1
22,3,7/29/07 15:59,8,0.23,1,1
22,3,7/29/07 15:59,8,0.259,1,1
22,3,7/29/07 15:59,8,0.275,1,1
22,3,7/29/07 15:59,8,0.435,2,1
22,3,7/29/07 15:59,8,1.869,2,1
22,3,7/29/07 16:00,4,0.212,2,1
22,3,7/29/07 16:00,4,0.381,1,1
22,3,7/29/07 16:00,4,1.61,2,1
22,3,7/29/07 16:00,6,0.342,1,1
22,3,7/29/07 16:00,6,0.429,2,1
22,3,7/29/07 16:00,8,0,2,1
22,3,7/29/07 16:00,8,0.243,1,1
22,3,7/29/07 16:00,8,0.248,2,1
22,3,7/29/07 16:00,8,0.324,1,1
23,6,7/29/07 15:58,8,1.199,1,1
23,6,7/29/07 15:59,4,0.611,1,1
23,6,7/29/07 15:59,4,2.445,2,0
23,6,7/29/07 15:59,4,3.968,1,1
23,6,7/29/07 15:59,6,0.685,1,1
23,6,7/29/07 15:59,6,1.123,1,0
23,6,7/29/07 15:59,6,1.741,2,1
23,6,7/29/07 15:59,8,0.498,1,1
23,6,7/29/07 15:59,8,0.505,1,1
23,6,7/29/07 15:59,8,0.964,2,1
23,6,7/29/07 15:59,8,1.613,1,1
23,6,7/29/07 15:59,8,2.294,1,1
23,6,7/29/07 16:00,4,0.55,2,0
23,6,7/29/07 16:00,4,0.616,2,0
23,6,7/29/07 16:00,4,0.797,1,0
23,6,7/29/07 16:00,4,0.855,1,1
23,6,7/29/07 16:00,4,0.994,1,0
23,6,7/29/07 16:00,6,0.461,1,0
23,6,7/29/07 16:00,6,0.674,1,0
23,6,7/29/07 16:00,6,1.086,2,0
23,6,7/29/07 16:00,6,1.224,1,1
23,6,7/29/07 16:00,8,0.868,2,1
23,6,7/29/07 16:00,8,1.874,2,1
23,6,7/29/07 16:00,8,3.911,2,1
23,6,7/29/07 16:01,4,0.575,2,1
23,6,7/29/07 16:01,6,0.566,1,1
23,6,7/29/07 16:01,6,0.949,1,0
23,6,7/29/07 16:01,6,1.645,1,0
23,6,7/29/07 16:01,8,0.204,1,1
23,6,7/29/07 16:01,8,1.118,2,1
24,9,7/29/07 16:13,4,0.7,2,1
24,9,7/29/07 16:13,4,1.046,2,0
24,9,7/29/07 16:13,6,1.334,2,1
24,9,7/29/07 16:13,6,2.375,2,1
24,9,7/29/07 16:13,6,3.473,2,1
24,9,7/29/07 16:13,8,0.398,1,1
24,9,7/29/07 16:13,8,0.411,1,1
24,9,7/29/07 16:13,8,0.757,1,1
24,9,7/29/07 16:13,8,1.012,2,1
24,9,7/29/07 16:14,4,0.285,1,0
24,9,7/29/07 16:14,4,0.34,1,1
24,9,7/29/07 16:14,4,0.493,1,1
24,9,7/29/07 16:14,4,0.765,2,0
24,9,7/29/07 16:14,4,5.32,2,0
24,9,7/29/07 16:14,6,0.34,1,1
24,9,7/29/07 16:14,6,0.42,1,1
24,9,7/29/07 16:14,6,0.486,2,1
24,9,7/29/07 16:14,6,0.735,1,1
24,9,7/29/07 16:14,6,0.997,2,1
24,9,7/29/07 16:14,8,0.619,2,1
24,9,7/29/07 16:15,4,0.452,1,1
24,9,7/29/07 16:15,4,0.659,2,0
24,9,7/29/07 16:15,4,4.03,2,0
24,9,7/29/07 16:15,6,0.513,1,1
24,9,7/29/07 16:15,6,1.44,1,1
24,9,7/29/07 16:15,8,0.456,1,1
24,9,7/29/07 16:15,8,0.459,1,1
24,9,7/29/07 16:15,8,0.676,1,1
24,9,7/29/07 16:15,8,1.77,2,1
24,9,7/29/07 16:15,8,5.344,1,0
25,3,7/29/07 16:37,4,3.055,2,1
25,3,7/29/07 16:37,6,1.412,2,1
25,3,7/29/07 16:37,8,0.849,1,1
25,3,7/29/07 16:37,8,5.049,1,0
25,3,7/29/07 16:38,4,0.183,2,1
25,3,7/29/07 16:38,4,0.293,2,1
25,3,7/29/07 16:38,4,0.328,1,1
25,3,7/29/07 16:38,4,0.384,1,1
25,3,7/29/07 16:38,4,0.605,2,1
25,3,7/29/07 16:38,4,0.855,2,1
25,3,7/29/07 16:38,6,0.365,2,1
25,3,7/29/07 16:38,6,0.387,1,1
25,3,7/29/07 16:38,6,0.87,2,1
25,3,7/29/07 16:38,6,1.066,2,1
25,3,7/29/07 16:38,8,0.222,1,1
25,3,7/29/07 16:38,8,0.347,2,1
25,3,7/29/07 16:38,8,0.384,2,1
25,3,7/29/07 16:38,8,0.478,2,1
25,3,7/29/07 16:38,8,0.553,1,1
25,3,7/29/07 16:39,4,0.178,2,1
25,3,7/29/07 16:39,4,0.215,2,1
25,3,7/29/07 16:39,4,0.224,1,1
25,3,7/29/07 16:39,4,0.86,1,1
25,3,7/29/07 16:39,6,0.292,1,1
25,3,7/29/07 16:39,6,0.306,1,1
25,3,7/29/07 16:39,6,0.408,1,1
25,3,7/29/07 16:39,8,0.317,2,1
25,3,7/29/07 16:39,8,0.508,2,1
25,3,7/29/07 16:39,8,0.966,2,1
25,3,7/29/07 16:39,8,1.209,2,1
2,6,5/19/07 14:19,8,2.282,1,0
2,6,5/19/07 14:20,4,0.461,1,1
2,6,5/19/07 14:20,4,0.952,1,1
2,6,5/19/07 14:20,6,0.518,1,1
2,6,5/19/07 14:20,6,0.647,2,1
2,6,5/19/07 14:20,6,1.279,1,1
2,6,5/19/07 14:20,8,0.373,2,0
2,6,5/19/07 14:20,8,0.455,2,0
2,6,5/19/07 14:20,8,0.517,1,0
2,6,5/19/07 14:20,8,0.616,1,0
2,6,5/19/07 14:20,8,0.817,2,1
2,6,5/19/07 14:20,8,1.023,2,0
2,6,5/19/07 14:20,8,1.466,1,0
2,6,5/19/07 14:21,4,0.516,1,0
2,6,5/19/07 14:21,4,0.609,1,0
2,6,5/19/07 14:21,4,0.723,1,0
2,6,5/19/07 14:21,4,1.253,2,1
2,6,5/19/07 14:21,6,0.365,2,1
2,6,5/19/07 14:21,6,0.383,1,1
2,6,5/19/07 14:21,6,0.441,2,1
2,6,5/19/07 14:21,6,0.721,1,1
2,6,5/19/07 14:21,6,1.998,1,1
2,6,5/19/07 14:21,8,0.418,2,0
2,6,5/19/07 14:21,8,0.46,1,0
2,6,5/19/07 14:21,8,0.734,2,0
2,6,5/19/07 14:21,8,1.779,1,0
2,6,5/19/07 14:22,4,1.796,1,1
2,6,5/19/07 14:22,6,2.472,1,0
2,6,5/19/07 14:22,8,0.451,1,0
2,6,5/19/07 14:22,8,0.559,2,0
26,6,7/29/07 16:51,4,1.578,1,1
26,6,7/29/07 16:51,4,1.745,1,1
26,6,7/29/07 16:51,6,1.403,1,1
26,6,7/29/07 16:51,6,1.5,1,1
26,6,7/29/07 16:52,4,0.133,1,1
26,6,7/29/07 16:52,4,0.52,2,1
26,6,7/29/07 16:52,4,0.801,1,0
26,6,7/29/07 16:52,4,3.681,2,1
26,6,7/29/07 16:52,6,0.203,2,1
26,6,7/29/07 16:52,6,2.667,2,0
26,6,7/29/07 16:52,6,3.719,2,1
26,6,7/29/07 16:52,8,0.247,1,1
26,6,7/29/07 16:52,8,0.343,1,1
26,6,7/29/07 16:52,8,0.509,1,1
26,6,7/29/07 16:52,8,0.898,1,1
26,6,7/29/07 16:52,8,1.049,2,1
26,6,7/29/07 16:53,4,0.254,2,0
26,6,7/29/07 16:53,4,1.937,2,0
26,6,7/29/07 16:53,6,0.331,1,0
26,6,7/29/07 16:53,6,0.334,1,1
26,6,7/29/07 16:53,6,0.676,1,1
26,6,7/29/07 16:53,6,1.972,2,1
26,6,7/29/07 16:53,6,2.052,1,0
26,6,7/29/07 16:53,8,0.038,2,1
26,6,7/29/07 16:53,8,0.289,2,1
26,6,7/29/07 16:53,8,0.363,2,1
26,6,7/29/07 16:53,8,0.587,1,1
26,6,7/29/07 16:53,8,0.728,2,0
26,6,7/29/07 16:53,8,1.129,2,1
26,6,7/29/07 16:54,6,0.138,2,1
27,9,9/22/07 11:59,6,1.596,1,1
27,9,9/22/07 11:59,8,1.721,1,1
27,9,9/22/07 12:00,4,1.272,2,1
27,9,9/22/07 12:00,4,1.721,2,0
27,9,9/22/07 12:00,4,1.81,1,1
27,9,9/22/07 12:00,4,3.031,2,0
27,9,9/22/07 12:00,6,0.565,1,1
27,9,9/22/07 12:00,6,0.961,1,0
27,9,9/22/07 12:00,6,1.246,1,1
27,9,9/22/07 12:00,8,0.637,1,1
27,9,9/22/07 12:00,8,0.842,2,0
27,9,9/22/07 12:00,8,0.863,2,1
27,9,9/22/07 12:00,8,1.536,1,0
27,9,9/22/07 12:01,6,0.525,2,1
27,9,9/22/07 12:01,6,0.93,1,0
27,9,9/22/07 12:01,6,1.008,1,0
27,9,9/22/07 12:01,6,1.078,2,0
27,9,9/22/07 12:01,6,2.616,1,0
27,9,9/22/07 12:01,8,0.83,1,1
27,9,9/22/07 12:01,8,0.934,1,1
27,9,9/22/07 12:01,8,1.036,1,1
27,9,9/22/07 12:01,8,1.169,1,1
27,9,9/22/07 12:01,8,1.327,2,1
27,9,9/22/07 12:01,8,1.819,1,1
27,9,9/22/07 12:02,4,1.355,1,0
27,9,9/22/07 12:02,4,2.35,2,0
27,9,9/22/07 12:02,4,5.325,1,0
27,9,9/22/07 12:02,6,0.517,2,1
27,9,9/22/07 12:02,8,0.761,2,1
27,9,9/22/07 12:02,8,2.708,1,1
28,3,9/22/07 15:17,4,0.583,1,1
28,3,9/22/07 15:17,4,0.686,2,1
28,3,9/22/07 15:17,4,0.752,2,1
28,3,9/22/07 15:17,4,1.174,1,0
28,3,9/22/07 15:17,6,0.517,1,1
28,3,9/22/07 15:17,8,0.395,2,1
28,3,9/22/07 15:17,8,0.427,1,1
28,3,9/22/07 15:17,8,0.736,2,1
28,3,9/22/07 15:18,4,0.444,2,1
28,3,9/22/07 15:18,4,1.696,1,1
28,3,9/22/07 15:18,4,2.32,2,0
28,3,9/22/07 15:18,4,2.822,2,0
28,3,9/22/07 15:18,6,0.502,2,0
28,3,9/22/07 15:18,6,3.045,1,1
28,3,9/22/07 15:18,6,4.644,1,1
28,3,9/22/07 15:18,8,0.267,1,1
28,3,9/22/07 15:18,8,0.294,1,1
28,3,9/22/07 15:18,8,0.806,2,1
28,3,9/22/07 15:18,8,0.989,2,1
28,3,9/22/07 15:19,4,0.361,2,1
28,3,9/22/07 15:19,4,0.587,1,0
28,3,9/22/07 15:19,4,0.686,2,1
28,3,9/22/07 15:19,4,0.883,1,1
28,3,9/22/07 15:19,6,0.552,2,1
28,3,9/22/07 15:19,6,0.819,2,1
28,3,9/22/07 15:19,6,1.258,2,0
28,3,9/22/07 15:19,8,0.289,1,1
28,3,9/22/07 15:19,8,0.336,1,1
28,3,9/22/07 15:19,8,1.724,1,1
28,3,9/22/07 15:19,8,6.749,1,1
29,6,9/22/07 12:23,4,0.557,2,1
29,6,9/22/07 12:23,4,0.571,1,1
29,6,9/22/07 12:23,4,0.906,1,1
29,6,9/22/07 12:23,6,0.49,2,1
29,6,9/22/07 12:23,6,0.677,1,1
29,6,9/22/07 12:23,6,1.385,2,1
29,6,9/22/07 12:23,8,0.374,1,1
29,6,9/22/07 12:23,8,0.507,2,1
29,6,9/22/07 12:23,8,0.624,2,1
29,6,9/22/07 12:23,8,0.646,2,1
29,6,9/22/07 12:23,8,0.976,1,1
29,6,9/22/07 12:24,4,0.343,2,1
29,6,9/22/07 12:24,4,0.45,1,1
29,6,9/22/07 12:24,4,0.456,1,1
29,6,9/22/07 12:24,4,0.532,2,0
29,6,9/22/07 12:24,4,0.563,1,1
29,6,9/22/07 12:24,4,0.696,2,1
29,6,9/22/07 12:24,4,1.276,2,1
29,6,9/22/07 12:24,6,0.363,1,1
29,6,9/22/07 12:24,6,0.371,2,0
29,6,9/22/07 12:24,6,0.385,1,0
29,6,9/22/07 12:24,6,0.392,2,1
29,6,9/22/07 12:24,6,0.399,2,0
29,6,9/22/07 12:24,6,0.418,2,1
29,6,9/22/07 12:24,8,0.396,1,0
29,6,9/22/07 12:25,6,0.414,1,0
29,6,9/22/07 12:25,6,0.466,2,0
29,6,9/22/07 12:25,8,0.299,1,1
29,6,9/22/07 12:25,8,1.035,1,1
29,6,9/22/07 12:25,8,1.169,2,1
30,9,9/22/07 15:39,4,0.142,1,1
30,9,9/22/07 15:39,6,0.209,1,1
30,9,9/22/07 15:39,6,0.262,2,1
30,9,9/22/07 15:39,6,0.287,1,1
30,9,9/22/07 15:39,6,0.426,2,1
30,9,9/22/07 15:39,8,0.048,1,0
30,9,9/22/07 15:40,4,0.234,2,0
30,9,9/22/07 15:40,4,0.248,1,1
30,9,9/22/07 15:40,4,0.27,1,1
30,9,9/22/07 15:40,4,0.333,2,1
30,9,9/22/07 15:40,4,0.369,1,1
30,9,9/22/07 15:40,6,0.391,1,0
30,9,9/22/07 15:40,6,0.59,1,1
30,9,9/22/07 15:40,8,0.008,1,1
30,9,9/22/07 15:40,8,0.248,1,0
30,9,9/22/07 15:40,8,0.42,1,0
30,9,9/22/07 15:40,8,13.967,1,1
30,9,9/22/07 15:41,4,0.143,1,1
30,9,9/22/07 15:41,4,0.272,1,1
30,9,9/22/07 15:41,4,0.29,1,1
30,9,9/22/07 15:41,4,0.291,1,1
30,9,9/22/07 15:41,4,0.357,1,0
30,9,9/22/07 15:41,4,0.424,1,0
30,9,9/22/07 15:41,4,1.266,1,1
30,9,9/22/07 15:41,6,0.164,2,0
30,9,9/22/07 15:41,6,0.32,1,1
30,9,9/22/07 15:41,8,0.219,1,1
30,9,9/22/07 15:41,8,0.337,1,0
30,9,9/22/07 15:41,8,1.333,2,0
30,9,9/22/07 15:41,8,1.783,1,1
31,3,9/22/07 15:52,4,0.644,2,1
31,3,9/22/07 15:52,4,0.924,-1,0
31,3,9/22/07 15:52,6,0.609,1,1
31,3,9/22/07 15:52,6,0.659,2,1
31,3,9/22/07 15:52,6,1.765,-1,0
31,3,9/22/07 15:52,8,0.558,2,0
31,3,9/22/07 15:52,8,3.506,2,1
31,3,9/22/07 15:52,8,6.13,-1,0
31,3,9/22/07 15:53,4,0.278,2,1
31,3,9/22/07 15:53,4,0.896,1,1
31,3,9/22/07 15:53,4,1.169,2,1
31,3,9/22/07 15:53,4,1.231,2,1
31,3,9/22/07 15:53,6,0.587,1,1
31,3,9/22/07 15:53,6,0.597,1,1
31,3,9/22/07 15:53,6,0.74,1,1
31,3,9/22/07 15:53,6,0.926,2,1
31,3,9/22/07 15:53,6,1.808,1,1
31,3,9/22/07 15:53,8,0.761,2,0
31,3,9/22/07 15:53,8,2.613,1,0
31,3,9/22/07 15:53,8,4.114,1,0
31,3,9/22/07 15:54,4,0.777,1,0
31,3,9/22/07 15:54,4,1.25,2,1
31,3,9/22/07 15:54,6,0.192,1,1
31,3,9/22/07 15:54,6,0.264,1,1
31,3,9/22/07 15:54,6,0.386,2,1
31,3,9/22/07 15:54,6,0.913,2,1
31,3,9/22/07 15:54,6,1.349,2,1
31,3,9/22/07 15:54,8,0.294,2,0
31,3,9/22/07 15:54,8,1.296,2,1
31,3,9/22/07 15:54,8,1.773,1,0
32,6,9/22/07 16:14,4,0.436,2,1
32,6,9/22/07 16:14,4,0.516,2,1
32,6,9/22/07 16:14,4,1.009,2,1
32,6,9/22/07 16:14,6,0.444,1,1
32,6,9/22/07 16:14,6,0.637,1,1
32,6,9/22/07 16:14,6,0.805,2,0
32,6,9/22/07 16:14,8,0.383,1,1
32,6,9/22/07 16:14,8,0.442,1,1
32,6,9/22/07 16:14,8,0.959,1,1
32,6,9/22/07 16:15,4,0.341,1,1
32,6,9/22/07 16:15,4,0.552,1,1
32,6,9/22/07 16:15,4,0.619,2,1
32,6,9/22/07 16:15,4,0.936,1,1
32,6,9/22/07 16:15,6,0.382,1,1
32,6,9/22/07 16:15,6,0.547,2,1
32,6,9/22/07 16:15,8,0.319,1,1
32,6,9/22/07 16:15,8,0.345,2,1
32,6,9/22/07 16:15,8,0.39,1,1
32,6,9/22/07 16:15,8,0.411,2,1
32,6,9/22/07 16:15,8,0.578,2,1
32,6,9/22/07 16:15,8,0.943,2,1
32,6,9/22/07 16:16,4,0.314,1,1
32,6,9/22/07 16:16,4,0.452,1,1
32,6,9/22/07 16:16,4,0.642,2,1
32,6,9/22/07 16:16,6,0.494,1,1
32,6,9/22/07 16:16,6,0.659,1,1
32,6,9/22/07 16:16,6,0.691,1,0
32,6,9/22/07 16:16,8,0.31,1,1
32,6,9/22/07 16:16,8,0.381,1,1
32,6,9/22/07 16:16,8,0.747,2,1
33,9,9/22/07 16:28,4,0.647,1,0
33,9,9/22/07 16:28,4,0.958,2,1
33,9,9/22/07 16:28,4,0.966,2,0
33,9,9/22/07 16:28,4,1.042,1,1
33,9,9/22/07 16:28,4,1.582,1,0
33,9,9/22/07 16:28,4,1.706,2,0
33,9,9/22/07 16:28,6,0.629,2,1
33,9,9/22/07 16:28,6,0.641,1,1
33,9,9/22/07 16:28,6,0.724,1,1
33,9,9/22/07 16:28,6,0.83,2,1
33,9,9/22/07 16:28,6,1.371,2,1
33,9,9/22/07 16:28,8,1.653,1,1
33,9,9/22/07 16:28,8,1.907,1,0
33,9,9/22/07 16:29,4,1.363,2,1
33,9,9/22/07 16:29,4,1.551,1,0
33,9,9/22/07 16:29,4,1.66,2,1
33,9,9/22/07 16:29,6,0.145,1,1
33,9,9/22/07 16:29,6,0.413,2,1
33,9,9/22/07 16:29,6,0.544,1,1
33,9,9/22/07 16:29,6,0.738,2,1
33,9,9/22/07 16:29,6,1.246,2,0
33,9,9/22/07 16:29,8,0.145,2,1
33,9,9/22/07 16:29,8,0.502,1,1
33,9,9/22/07 16:29,8,0.6,1,1
33,9,9/22/07 16:29,8,0.655,2,1
33,9,9/22/07 16:30,4,0.15,2,0
33,9,9/22/07 16:30,4,0.508,2,0
33,9,9/22/07 16:30,8,0.294,2,1
33,9,9/22/07 16:30,8,0.393,2,1
33,9,9/22/07 16:30,8,1.35,1,1
34,3,9/23/07 10:53,4,0.861,2,1
34,3,9/23/07 10:53,4,2.267,1,1
34,3,9/23/07 10:53,4,4.045,2,1
34,3,9/23/07 10:53,4,4.195,2,1
34,3,9/23/07 10:53,6,1.118,1,1
34,3,9/23/07 10:53,6,1.332,1,1
34,3,9/23/07 10:53,8,1.88,1,1
34,3,9/23/07 10:53,8,2.726,1,1
34,3,9/23/07 10:54,4,1.572,2,1
34,3,9/23/07 10:54,4,7.777,1,1
34,3,9/23/07 10:54,6,0.449,1,1
34,3,9/23/07 10:54,6,0.939,2,1
34,3,9/23/07 10:54,6,1.062,1,1
34,3,9/23/07 10:54,6,1.196,1,1
34,3,9/23/07 10:54,6,3.18,2,1
34,3,9/23/07 10:54,8,1.154,1,0
34,3,9/23/07 10:54,8,1.198,1,1
34,3,9/23/07 10:54,8,3.043,1,1
34,3,9/23/07 10:55,4,0.292,2,1
34,3,9/23/07 10:55,4,0.395,1,1
34,3,9/23/07 10:55,4,0.75,2,1
34,3,9/23/07 10:55,4,3.665,2,1
34,3,9/23/07 10:55,6,0.374,1,1
34,3,9/23/07 10:55,6,0.669,2,1
34,3,9/23/07 10:55,6,1.134,1,1
34,3,9/23/07 10:55,8,1.306,1,0
34,3,9/23/07 10:55,8,1.942,1,0
34,3,9/23/07 10:55,8,7.467,1,1
34,3,9/23/07 10:56,6,3.979,1,1
34,3,9/23/07 10:56,8,5.748,1,0
36r1,6,9/23/07 11:00,4,1.701,2,0
36r1,6,9/23/07 11:00,6,0.413,2,1
36r1,6,9/23/07 11:00,6,0.547,1,1
36r1,6,9/23/07 11:00,6,0.824,2,1
36r1,6,9/23/07 11:00,8,0.793,2,1
36r1,6,9/23/07 11:00,8,0.807,2,0
36r1,6,9/23/07 11:01,4,1.328,1,1
36r1,6,9/23/07 11:01,4,1.632,2,1
36r1,6,9/23/07 11:01,4,1.744,1,1
36r1,6,9/23/07 11:01,6,0.473,2,1
36r1,6,9/23/07 11:01,6,0.638,1,1
36r1,6,9/23/07 11:01,6,0.692,1,1
36r1,6,9/23/07 11:01,6,0.738,2,1
36r1,6,9/23/07 11:01,6,1.572,2,1
36r1,6,9/23/07 11:01,8,0.405,1,1
36r1,6,9/23/07 11:01,8,0.448,2,1
36r1,6,9/23/07 11:01,8,0.463,1,1
36r1,6,9/23/07 11:01,8,0.601,1,1
36r1,6,9/23/07 11:02,4,0.604,2,1
36r1,6,9/23/07 11:02,4,0.838,1,1
36r1,6,9/23/07 11:02,4,1.004,1,1
36r1,6,9/23/07 11:02,6,0.411,1,1
36r1,6,9/23/07 11:02,6,0.44,1,1
36r1,6,9/23/07 11:02,6,0.535,1,1
36r1,6,9/23/07 11:02,6,0.817,2,1
36r1,6,9/23/07 11:02,8,0.083,2,1
36r1,6,9/23/07 11:02,8,0.783,2,1
36r1,6,9/23/07 11:02,8,1.021,1,1
36r1,6,9/23/07 11:02,8,1.732,2,1
36r1,6,9/23/07 11:02,8,3.144,2,0
36r2,6,9/23/07 11:46,4,2.25,1,1
36r2,6,9/23/07 11:46,4,2.868,1,1
36r2,6,9/23/07 11:46,4,2.907,2,1
36r2,6,9/23/07 11:46,4,4.087,1,1
36r2,6,9/23/07 11:46,6,0.899,1,1
36r2,6,9/23/07 11:46,6,2.396,1,1
36r2,6,9/23/07 11:46,8,4.693,2,0
36r2,6,9/23/07 11:46,8,4.778,1,0
36r2,6,9/23/07 11:47,4,0.611,1,1
36r2,6,9/23/07 11:47,4,3.849,2,0
36r2,6,9/23/07 11:47,6,0.854,2,1
36r2,6,9/23/07 11:47,6,1.936,2,1
36r2,6,9/23/07 11:47,8,1.261,1,1
36r2,6,9/23/07 11:47,8,1.654,1,1
36r2,6,9/23/07 11:47,8,2.172,1,0
36r2,6,9/23/07 11:47,8,2.588,1,1
36r2,6,9/23/07 11:47,8,6.698,1,0
36r2,6,9/23/07 11:48,4,0.633,2,1
36r2,6,9/23/07 11:48,4,0.88,2,1
36r2,6,9/23/07 11:48,4,1.979,1,1
36r2,6,9/23/07 11:48,4,3.419,1,1
36r2,6,9/23/07 11:48,6,0.577,1,1
36r2,6,9/23/07 11:48,6,2.291,1,0
36r2,6,9/23/07 11:48,6,5.421,1,0
36r2,6,9/23/07 11:48,8,0.724,1,1
36r2,6,9/23/07 11:48,8,4.093,1,1
36r2,6,9/23/07 11:48,8,4.241,2,0
36r2,6,9/23/07 11:49,4,1.113,1,1
36r2,6,9/23/07 11:49,4,2.178,2,1
36r2,6,9/23/07 11:49,8,4.888,1,1
37,9,9/23/07 11:42,4,0.941,2,0
37,9,9/23/07 11:42,4,1.072,2,0
37,9,9/23/07 11:42,6,0.505,2,1
37,9,9/23/07 11:42,6,0.71,1,1
37,9,9/23/07 11:42,6,1.033,2,1
37,9,9/23/07 11:42,8,0.292,1,0
37,9,9/23/07 11:42,8,0.659,2,1
37,9,9/23/07 11:42,8,1.612,2,1
37,9,9/23/07 11:42,8,2.478,1,1
37,9,9/23/07 11:43,4,0.463,2,0
37,9,9/23/07 11:43,4,0.471,2,0
37,9,9/23/07 11:43,4,0.718,2,1
37,9,9/23/07 11:43,4,1.567,2,0
37,9,9/23/07 11:43,6,0.515,1,1
37,9,9/23/07 11:43,6,0.764,2,1
37,9,9/23/07 11:43,6,0.927,2,1
37,9,9/23/07 11:43,8,0.567,2,0
37,9,9/23/07 11:43,8,0.59,2,0
37,9,9/23/07 11:43,8,0.847,1,0
37,9,9/23/07 11:43,8,2.035,2,1
37,9,9/23/07 11:43,8,3.746,1,0
37,9,9/23/07 11:44,4,0.366,2,0
37,9,9/23/07 11:44,4,1.002,2,1
37,9,9/23/07 11:44,4,1.791,2,1
37,9,9/23/07 11:44,6,0.468,1,1
37,9,9/23/07 11:44,6,0.617,2,1
37,9,9/23/07 11:44,6,1.664,1,1
37,9,9/23/07 11:44,6,4.389,2,0
37,9,9/23/07 11:44,8,0.73,2,0
37,9,9/23/07 11:44,8,1.971,2,0
38,3,11/11/07 12:00,4,0.364,2,1
38,3,11/11/07 12:00,6,0.37,1,0
38,3,11/11/07 12:00,6,0.505,1,1
38,3,11/11/07 12:00,6,0.561,2,1
38,3,11/11/07 12:00,6,0.678,2,1
38,3,11/11/07 12:00,8,0.313,2,1
38,3,11/11/07 12:00,8,0.402,2,1
38,3,11/11/07 12:00,8,0.557,2,1
38,3,11/11/07 12:00,8,1.593,2,1
38,3,11/11/07 12:01,4,0.213,2,1
38,3,11/11/07 12:01,4,0.401,1,1
38,3,11/11/07 12:01,4,0.404,2,1
38,3,11/11/07 12:01,4,0.543,1,1
38,3,11/11/07 12:01,6,0.411,1,1
38,3,11/11/07 12:01,6,0.447,1,0
38,3,11/11/07 12:01,6,0.625,1,0
38,3,11/11/07 12:01,8,0.295,2,1
38,3,11/11/07 12:01,8,0.354,2,0
38,3,11/11/07 12:01,8,0.387,2,1
38,3,11/11/07 12:01,8,0.506,2,1
38,3,11/11/07 12:01,8,0.581,1,1
38,3,11/11/07 12:01,8,1.364,1,1
38,3,11/11/07 12:02,4,0.234,1,1
38,3,11/11/07 12:02,4,0.395,1,1
38,3,11/11/07 12:02,4,0.936,1,1
38,3,11/11/07 12:02,6,0.324,1,1
38,3,11/11/07 12:02,6,0.37,1,1
38,3,11/11/07 12:02,6,0.807,2,1
38,3,11/11/07 12:02,8,0.395,2,0
38,3,11/11/07 12:02,8,0.492,1,1
39r1,3,11/11/07 12:08,4,0.976,-1,0
39r1,3,11/11/07 12:08,4,0.976,-1,0
39r1,3,11/11/07 12:08,4,2.18,1,0
39r1,3,11/11/07 12:08,4,2.18,1,0
39r1,3,11/11/07 12:08,6,3.51,1,1
39r1,3,11/11/07 12:08,6,3.51,1,1
39r1,3,11/11/07 12:08,8,1.984,-1,0
39r1,3,11/11/07 12:08,8,1.984,-1,0
39r1,3,11/11/07 12:08,8,4.021,1,0
39r1,3,11/11/07 12:08,8,4.021,1,0
39r1,3,11/11/07 12:08,8,4.942,-1,0
39r1,3,11/11/07 12:08,8,4.942,-1,0
39r1,3,11/11/07 12:09,4,2.62,1,0
39r1,3,11/11/07 12:09,4,2.62,1,0
39r1,3,11/11/07 12:09,4,2.624,2,1
39r1,3,11/11/07 12:09,4,2.624,2,1
39r1,3,11/11/07 12:09,6,0.32,2,1
39r1,3,11/11/07 12:09,6,0.32,2,1
39r1,3,11/11/07 12:09,6,0.435,2,1
39r1,3,11/11/07 12:09,6,0.435,2,1
39r1,3,11/11/07 12:09,6,0.651,1,1
39r1,3,11/11/07 12:09,6,0.651,1,1
39r1,3,11/11/07 12:09,6,0.746,2,1
39r1,3,11/11/07 12:09,6,0.746,2,1
39r1,3,11/11/07 12:09,6,1.115,2,1
39r1,3,11/11/07 12:09,6,1.115,2,1
39r1,3,11/11/07 12:09,8,1.028,2,1
39r1,3,11/11/07 12:09,8,1.028,2,1
39r1,3,11/11/07 12:09,8,1.146,2,1
39r1,3,11/11/07 12:09,8,1.146,2,1
39r2,3,11/11/07 12:09,8,2.005,1,1
39r2,3,11/11/07 12:09,8,2.005,1,1
39r2,3,11/11/07 12:09,8,3.751,1,1
39r2,3,11/11/07 12:09,8,3.751,1,1
39r2,3,11/11/07 12:10,4,0.326,2,1
39r2,3,11/11/07 12:10,4,0.326,2,1
39r2,3,11/11/07 12:10,4,0.336,2,1
39r2,3,11/11/07 12:10,4,0.336,2,1
39r2,3,11/11/07 12:10,4,0.764,1,1
39r2,3,11/11/07 12:10,4,0.764,1,1
39r2,3,11/11/07 12:10,4,3.8,1,1
39r2,3,11/11/07 12:10,4,3.8,1,1
39r2,3,11/11/07 12:10,6,0.33,2,1
39r2,3,11/11/07 12:10,6,0.33,2,1
39r2,3,11/11/07 12:10,6,0.715,2,1
39r2,3,11/11/07 12:10,6,0.715,2,1
39r2,3,11/11/07 12:10,6,0.723,2,1
39r2,3,11/11/07 12:10,6,0.723,2,1
39r2,3,11/11/07 12:10,6,0.947,2,1
39r2,3,11/11/07 12:10,6,0.947,2,1
39r2,3,11/11/07 12:10,6,1.275,2,1
39r2,3,11/11/07 12:10,6,1.275,2,1
39r2,3,11/11/07 12:10,8,0.81,2,1
39r2,3,11/11/07 12:10,8,0.81,2,1
39r2,3,11/11/07 12:10,8,0.927,1,1
39r2,3,11/11/07 12:10,8,0.927,1,1
39r2,3,11/11/07 12:10,8,1.657,2,1
39r2,3,11/11/07 12:10,8,1.657,2,1
39r2,3,11/11/07 12:11,8,2.295,2,1
39r2,3,11/11/07 12:11,8,2.295,2,1
3,9,5/20/07 10:56,4,2.366,2,1
3,9,5/20/07 10:56,4,4.079,2,0
3,9,5/20/07 10:56,6,1.188,1,1
3,9,5/20/07 10:56,6,6.18,1,1
3,9,5/20/07 10:56,8,0.904,2,1
3,9,5/20/07 10:56,8,1.108,2,1
3,9,5/20/07 10:56,8,2.094,2,1
3,9,5/20/07 10:57,4,0.22,1,1
3,9,5/20/07 10:57,4,0.322,1,1
3,9,5/20/07 10:57,4,0.593,2,1
3,9,5/20/07 10:57,4,1.732,1,1
3,9,5/20/07 10:57,6,0.33,1,1
3,9,5/20/07 10:57,6,0.543,1,0
3,9,5/20/07 10:57,6,0.735,1,1
3,9,5/20/07 10:57,6,0.989,2,0
3,9,5/20/07 10:57,8,0.385,1,1
3,9,5/20/07 10:57,8,0.928,2,1
3,9,5/20/07 10:57,8,2.263,1,1
3,9,5/20/07 10:57,8,3.772,2,1
3,9,5/20/07 10:58,4,0.341,1,1
3,9,5/20/07 10:58,4,0.415,2,1
3,9,5/20/07 10:58,4,0.426,2,1
3,9,5/20/07 10:58,6,0.278,2,1
3,9,5/20/07 10:58,6,0.361,2,1
3,9,5/20/07 10:58,6,0.365,2,1
3,9,5/20/07 10:58,6,0.48,1,0
3,9,5/20/07 10:58,6,1.061,2,0
3,9,5/20/07 10:58,8,0.43,1,1
3,9,5/20/07 10:58,8,1.229,2,1
3,9,5/20/07 10:58,8,4.461,1,0
400,4,3/16/08 11:49,4,1.079,2,1
400,4,3/16/08 11:49,4,1.246,1,1
400,4,3/16/08 11:49,4,14.77,1,0
400,4,3/16/08 11:49,6,0.795,2,1
400,4,3/16/08 11:49,8,0.82,1,1
400,4,3/16/08 11:49,8,1.525,2,1
400,4,3/16/08 11:50,4,0.132,2,1
400,4,3/16/08 11:50,4,0.37,2,1
400,4,3/16/08 11:50,4,0.773,1,1
400,4,3/16/08 11:50,4,4.072,1,0
400,4,3/16/08 11:50,4,4.119,1,0
400,4,3/16/08 11:50,6,1.663,1,0
400,4,3/16/08 11:50,6,3.342,2,0
400,4,3/16/08 11:50,8,0.825,2,1
400,4,3/16/08 11:50,8,1.279,2,0
400,4,3/16/08 11:50,8,1.444,1,0
400,4,3/16/08 11:50,8,1.66,1,1
400,4,3/16/08 11:51,4,0.735,1,1
400,4,3/16/08 11:51,4,1.044,1,1
400,4,3/16/08 11:51,4,1.155,2,0
400,4,3/16/08 11:51,4,2.635,2,0
400,4,3/16/08 11:51,4,3.013,1,0
400,4,3/16/08 11:51,4,4.36,1,1
400,4,3/16/08 11:51,6,0.394,1,0
400,4,3/16/08 11:51,6,0.467,1,0
400,4,3/16/08 11:51,6,0.622,1,0
400,4,3/16/08 11:51,8,0.087,1,0
400,4,3/16/08 11:51,8,0.393,2,0
400,4,3/16/08 11:51,8,0.699,1,0
400,4,3/16/08 11:52,4,1.276,1,0
40r1,4,11/11/07 12:32,4,1.533,2,1
40r1,4,11/11/07 12:32,4,1.533,2,1
40r1,4,11/11/07 12:32,4,1.575,1,0
40r1,4,11/11/07 12:32,4,1.575,1,0
40r1,4,11/11/07 12:32,4,1.578,1,0
40r1,4,11/11/07 12:32,4,1.578,1,0
40r1,4,11/11/07 12:32,8,1.177,1,1
40r1,4,11/11/07 12:32,8,1.177,1,1
40r1,4,11/11/07 12:33,4,0.756,1,1
40r1,4,11/11/07 12:33,4,0.756,1,1
40r1,4,11/11/07 12:33,4,1.12,2,1
40r1,4,11/11/07 12:33,4,1.12,2,1
40r1,4,11/11/07 12:33,4,1.648,1,0
40r1,4,11/11/07 12:33,4,1.648,1,0
40r1,4,11/11/07 12:33,4,1.968,1,1
40r1,4,11/11/07 12:33,4,1.968,1,1
40r1,4,11/11/07 12:33,4,2.382,2,1
40r1,4,11/11/07 12:33,4,2.382,2,1
40r1,4,11/11/07 12:33,6,0.69,1,1
40r1,4,11/11/07 12:33,6,0.69,1,1
40r1,4,11/11/07 12:33,6,0.712,1,1
40r1,4,11/11/07 12:33,6,0.712,1,1
40r1,4,11/11/07 12:33,6,0.891,2,1
40r1,4,11/11/07 12:33,6,0.891,2,1
40r1,4,11/11/07 12:33,6,0.909,1,1
40r1,4,11/11/07 12:33,6,0.909,1,1
40r1,4,11/11/07 12:33,6,1.225,1,1
40r1,4,11/11/07 12:33,6,1.225,1,1
40r1,4,11/11/07 12:33,8,0.657,2,1
40r1,4,11/11/07 12:33,8,0.657,2,1
40r2,4,11/11/07 12:33,8,1.902,2,1
40r2,4,11/11/07 12:33,8,1.902,2,1
40r2,4,11/11/07 12:34,4,0.896,1,0
40r2,4,11/11/07 12:34,4,0.896,1,0
40r2,4,11/11/07 12:34,4,0.906,2,0
40r2,4,11/11/07 12:34,4,0.906,2,0
40r2,4,11/11/07 12:34,4,2.061,2,1
40r2,4,11/11/07 12:34,4,2.061,2,1
40r2,4,11/11/07 12:34,4,3.075,2,0
40r2,4,11/11/07 12:34,4,3.075,2,0
40r2,4,11/11/07 12:34,4,4.584,2,0
40r2,4,11/11/07 12:34,4,4.584,2,0
40r2,4,11/11/07 12:34,6,0.626,2,1
40r2,4,11/11/07 12:34,6,0.626,2,1
40r2,4,11/11/07 12:34,6,0.934,2,1
40r2,4,11/11/07 12:34,6,0.934,2,1
40r2,4,11/11/07 12:34,6,0.971,2,1
40r2,4,11/11/07 12:34,6,0.971,2,1
40r2,4,11/11/07 12:34,6,1.175,1,1
40r2,4,11/11/07 12:34,6,1.175,1,1
40r2,4,11/11/07 12:34,6,3.135,1,1
40r2,4,11/11/07 12:34,6,3.135,1,1
40r2,4,11/11/07 12:34,8,1.153,2,1
40r2,4,11/11/07 12:34,8,1.153,2,1
40r2,4,11/11/07 12:35,4,1.316,2,1
40r2,4,11/11/07 12:35,4,1.316,2,1
40r2,4,11/11/07 12:35,4,2.376,2,1
40r2,4,11/11/07 12:35,4,2.376,2,1
40r2,4,11/11/07 12:35,6,2.052,1,1
40r2,4,11/11/07 12:35,6,2.052,1,1
41r1,4,11/11/07 13:12,4,0.365,1,1
41r1,4,11/11/07 13:12,4,0.365,1,1
41r1,4,11/11/07 13:12,4,0.779,2,1
41r1,4,11/11/07 13:12,4,0.779,2,1
41r1,4,11/11/07 13:12,4,1.038,1,1
41r1,4,11/11/07 13:12,4,1.038,1,1
41r1,4,11/11/07 13:12,4,1.098,1,1
41r1,4,11/11/07 13:12,4,1.098,1,1
41r1,4,11/11/07 13:12,4,1.381,1,1
41r1,4,11/11/07 13:12,4,1.381,1,1
41r1,4,11/11/07 13:12,4,1.868,1,1
41r1,4,11/11/07 13:12,4,1.868,1,1
41r1,4,11/11/07 13:12,6,0.497,1,1
41r1,4,11/11/07 13:12,6,0.497,1,1
41r1,4,11/11/07 13:12,6,1.066,1,1
41r1,4,11/11/07 13:12,6,1.066,1,1
41r1,4,11/11/07 13:12,6,1.615,2,1
41r1,4,11/11/07 13:12,6,1.615,2,1
41r1,4,11/11/07 13:12,8,1.101,1,1
41r1,4,11/11/07 13:12,8,1.101,1,1
41r1,4,11/11/07 13:12,8,1.611,2,1
41r1,4,11/11/07 13:12,8,1.611,2,1
41r1,4,11/11/07 13:13,4,0.172,1,1
41r1,4,11/11/07 13:13,4,0.172,1,1
41r1,4,11/11/07 13:13,4,0.196,1,1
41r1,4,11/11/07 13:13,4,0.196,1,1
41r1,4,11/11/07 13:13,4,0.235,2,1
41r1,4,11/11/07 13:13,4,0.235,2,1
41r1,4,11/11/07 13:13,4,0.257,1,1
41r1,4,11/11/07 13:13,4,0.257,1,1
41r2,4,11/11/07 13:13,4,0.258,1,1
41r2,4,11/11/07 13:13,4,0.258,1,1
41r2,4,11/11/07 13:13,4,0.461,2,1
41r2,4,11/11/07 13:13,4,0.461,2,1
41r2,4,11/11/07 13:13,4,1.004,2,1
41r2,4,11/11/07 13:13,4,1.004,2,1
41r2,4,11/11/07 13:13,6,0.156,1,1
41r2,4,11/11/07 13:13,6,0.156,1,1
41r2,4,11/11/07 13:13,6,0.189,2,1
41r2,4,11/11/07 13:13,6,0.189,2,1
41r2,4,11/11/07 13:13,6,0.237,1,1
41r2,4,11/11/07 13:13,6,0.237,1,1
41r2,4,11/11/07 13:13,6,0.329,2,1
41r2,4,11/11/07 13:13,6,0.329,2,1
41r2,4,11/11/07 13:13,8,0.192,1,1
41r2,4,11/11/07 13:13,8,0.192,1,1
41r2,4,11/11/07 13:13,8,0.431,1,1
41r2,4,11/11/07 13:13,8,0.431,1,1
41r2,4,11/11/07 13:13,8,0.46,2,1
41r2,4,11/11/07 13:13,8,0.46,2,1
41r2,4,11/11/07 13:14,4,0.048,2,1
41r2,4,11/11/07 13:14,4,0.048,2,1
41r2,4,11/11/07 13:14,4,0.149,2,1
41r2,4,11/11/07 13:14,4,0.149,2,1
41r2,4,11/11/07 13:14,4,0.241,2,1
41r2,4,11/11/07 13:14,4,0.241,2,1
41r2,4,11/11/07 13:14,6,0.087,2,1
41r2,4,11/11/07 13:14,6,0.087,2,1
41r2,4,11/11/07 13:14,8,0.292,1,1
41r2,4,11/11/07 13:14,8,0.292,1,1
42,4,1/11/08 15:51,4,2.204,2,1
42,4,1/11/08 15:52,4,1.062,1,1
42,4,1/11/08 15:52,4,2.724,2,1
42,4,1/11/08 15:52,4,3.717,2,1
42,4,1/11/08 15:52,4,3.914,1,0
42,4,1/11/08 15:52,4,6.047,1,0
42,4,1/11/08 15:52,6,0.535,2,1
42,4,1/11/08 15:52,8,0.828,1,0
42,4,1/11/08 15:52,8,1.362,1,1
42,4,1/11/08 15:52,8,1.594,1,1
42,4,1/11/08 15:52,8,3.619,1,0
42,4,1/11/08 15:53,4,0.471,1,1
42,4,1/11/08 15:53,4,0.711,2,1
42,4,1/11/08 15:53,4,1.689,1,1
42,4,1/11/08 15:53,4,2.058,1,1
42,4,1/11/08 15:53,4,2.838,2,1
42,4,1/11/08 15:53,6,0.624,1,1
42,4,1/11/08 15:53,6,0.631,2,1
42,4,1/11/08 15:53,6,2.085,2,1
42,4,1/11/08 15:53,8,0.954,1,1
42,4,1/11/08 15:53,8,1.598,1,1
42,4,1/11/08 15:53,8,4.173,1,0
42,4,1/11/08 15:54,4,0.3,2,1
42,4,1/11/08 15:54,4,0.592,1,1
42,4,1/11/08 15:54,4,1.749,1,1
42,4,1/11/08 15:54,4,2.578,1,1
42,4,1/11/08 15:54,6,0.418,1,0
42,4,1/11/08 15:54,6,0.639,1,0
42,4,1/11/08 15:54,8,0.643,1,0
42,4,1/11/08 15:54,8,3.379,1,0
43,4,1/27/08 10:22,4,0.308,1,0
43,4,1/27/08 10:22,4,0.398,2,1
43,4,1/27/08 10:22,4,0.42,2,1
43,4,1/27/08 10:22,4,0.594,1,1
43,4,1/27/08 10:22,4,0.931,2,1
43,4,1/27/08 10:22,4,3.108,2,1
43,4,1/27/08 10:22,6,0.434,2,1
43,4,1/27/08 10:22,8,0.281,2,1
43,4,1/27/08 10:22,8,0.388,1,1
43,4,1/27/08 10:22,8,0.485,2,1
43,4,1/27/08 10:22,8,0.527,2,1
43,4,1/27/08 10:22,8,0.591,1,1
43,4,1/27/08 10:23,4,0.302,1,1
43,4,1/27/08 10:23,4,0.309,1,1
43,4,1/27/08 10:23,4,0.323,1,1
43,4,1/27/08 10:23,4,0.393,1,1
43,4,1/27/08 10:23,4,0.619,2,1
43,4,1/27/08 10:23,4,0.868,2,1
43,4,1/27/08 10:23,4,1.824,1,1
43,4,1/27/08 10:23,4,2.525,1,1
43,4,1/27/08 10:23,6,0.359,1,1
43,4,1/27/08 10:23,6,0.514,2,1
43,4,1/27/08 10:23,6,0.781,2,1
43,4,1/27/08 10:23,6,2.537,2,1
43,4,1/27/08 10:23,8,0.4,1,1
43,4,1/27/08 10:23,8,0.748,1,1
43,4,1/27/08 10:24,4,1.95,2,1
43,4,1/27/08 10:24,6,1.157,2,1
43,4,1/27/08 10:24,8,0.47,2,1
43,4,1/27/08 10:24,8,0.944,2,1
4,3,5/20/07 11:02,8,1.75,1,1
4,3,5/20/07 11:03,4,13.499,2,0
4,3,5/20/07 11:03,4,19.702,1,0
4,3,5/20/07 11:03,4,3.216,2,1
4,3,5/20/07 11:03,6,0.506,1,1
4,3,5/20/07 11:03,6,0.529,1,1
4,3,5/20/07 11:03,6,0.567,1,1
4,3,5/20/07 11:03,8,1.072,2,1
4,3,5/20/07 11:04,4,0.379,1,1
4,3,5/20/07 11:04,4,1.028,1,1
4,3,5/20/07 11:04,6,0.447,2,1
4,3,5/20/07 11:04,6,0.482,2,1
4,3,5/20/07 11:04,6,0.77,1,1
4,3,5/20/07 11:04,8,0.323,1,1
4,3,5/20/07 11:04,8,0.836,2,1
4,3,5/20/07 11:05,4,27.217,1,1
4,3,5/20/07 11:05,4,34.252,1,0
4,3,5/20/07 11:05,6,0.16,2,1
4,3,5/20/07 11:05,6,0.325,2,1
4,3,5/20/07 11:05,8,0.552,2,1
4,3,5/20/07 11:05,8,0.825,1,1
4,3,5/20/07 11:06,4,2.303,2,1
4,3,5/20/07 11:06,6,0.155,2,1
4,3,5/20/07 11:06,6,0.236,1,1
4,3,5/20/07 11:06,6,0.362,1,1
4,3,5/20/07 11:06,6,0.856,2,1
4,3,5/20/07 11:06,8,0.244,1,1
4,3,5/20/07 11:06,8,0.344,2,1
4,3,5/20/07 11:06,8,1.124,1,1
4,3,5/20/07 11:06,8,1.772,2,1
44,4,1/27/08 15:21,4,0.531,1,1
44,4,1/27/08 15:21,4,1.634,2,1
44,4,1/27/08 15:21,8,1.325,1,1
44,4,1/27/08 15:22,4,0.252,1,1
44,4,1/27/08 15:22,4,0.344,2,1
44,4,1/27/08 15:22,4,0.389,2,1
44,4,1/27/08 15:22,4,0.495,2,1
44,4,1/27/08 15:22,4,0.556,2,1
44,4,1/27/08 15:22,4,0.642,2,1
44,4,1/27/08 15:22,6,0.423,2,1
44,4,1/27/08 15:22,6,2.258,2,1
44,4,1/27/08 15:22,8,0.26,2,1
44,4,1/27/08 15:22,8,0.438,2,1
44,4,1/27/08 15:22,8,0.443,1,1
44,4,1/27/08 15:22,8,0.919,1,1
44,4,1/27/08 15:22,8,0.921,2,1
44,4,1/27/08 15:23,4,0.046,1,1
44,4,1/27/08 15:23,4,0.097,1,1
44,4,1/27/08 15:23,4,0.111,1,1
44,4,1/27/08 15:23,4,0.193,1,1
44,4,1/27/08 15:23,4,0.202,1,1
44,4,1/27/08 15:23,4,0.27,2,1
44,4,1/27/08 15:23,4,0.772,2,1
44,4,1/27/08 15:23,6,0.098,2,1
44,4,1/27/08 15:23,6,0.106,2,1
44,4,1/27/08 15:23,6,0.426,2,1
44,4,1/27/08 15:23,6,0.619,1,1
44,4,1/27/08 15:23,8,0.044,2,1
44,4,1/27/08 15:23,8,0.176,2,1
44,4,1/27/08 15:23,8,1.231,1,1
46,4,2/16/08 14:38,4,0.383,1,1
46,4,2/16/08 14:38,4,0.778,2,1
46,4,2/16/08 14:38,4,2.67,2,1
46,4,2/16/08 14:38,8,0.901,2,1
46,4,2/16/08 14:38,8,1.185,2,0
46,4,2/16/08 14:39,4,0.27,2,1
46,4,2/16/08 14:39,4,0.724,1,1
46,4,2/16/08 14:39,4,0.751,2,1
46,4,2/16/08 14:39,4,0.785,2,1
46,4,2/16/08 14:39,4,1.04,2,1
46,4,2/16/08 14:39,6,0.57,1,1
46,4,2/16/08 14:39,6,0.741,2,1
46,4,2/16/08 14:39,6,0.913,2,1
46,4,2/16/08 14:39,8,0.392,1,1
46,4,2/16/08 14:39,8,0.523,2,1
46,4,2/16/08 14:39,8,0.652,1,1
46,4,2/16/08 14:39,8,0.812,1,1
46,4,2/16/08 14:39,8,1.029,1,0
46,4,2/16/08 14:40,4,0.17,2,1
46,4,2/16/08 14:40,4,0.176,1,1
46,4,2/16/08 14:40,4,0.245,1,1
46,4,2/16/08 14:40,4,0.268,1,1
46,4,2/16/08 14:40,4,0.276,2,1
46,4,2/16/08 14:40,4,0.332,1,1
46,4,2/16/08 14:40,4,0.627,1,1
46,4,2/16/08 14:40,6,0.505,2,1
46,4,2/16/08 14:40,6,0.543,2,1
46,4,2/16/08 14:40,6,1.769,2,1
46,4,2/16/08 14:40,8,0.207,2,1
46,4,2/16/08 14:40,8,1.74,1,0
47,4,2/17/08 11:48,4,3.636,-1,0
47,4,2/17/08 11:48,6,0.517,-1,0
47,4,2/17/08 11:48,6,2.738,-1,0
47,4,2/17/08 11:48,8,5.895,-1,0
47,4,2/17/08 11:49,4,0.023,-1,0
47,4,2/17/08 11:49,4,0.122,2,1
47,4,2/17/08 11:49,4,0.153,1,1
47,4,2/17/08 11:49,4,0.459,2,1
47,4,2/17/08 11:49,4,14.555,1,1
47,4,2/17/08 11:49,6,0.391,1,1
47,4,2/17/08 11:49,8,0.25,1,1
47,4,2/17/08 11:49,8,1.115,2,1
47,4,2/17/08 11:49,8,6.855,-1,0
47,4,2/17/08 11:50,4,0.098,1,1
47,4,2/17/08 11:50,4,0.122,1,1
47,4,2/17/08 11:50,4,0.215,1,1
47,4,2/17/08 11:50,4,0.5,1,1
47,4,2/17/08 11:50,4,0.5,1,1
47,4,2/17/08 11:50,4,1.019,2,1
47,4,2/17/08 11:50,6,0.075,2,1
47,4,2/17/08 11:50,6,0.099,2,1
47,4,2/17/08 11:50,6,0.222,1,1
47,4,2/17/08 11:50,8,0.154,2,1
47,4,2/17/08 11:50,8,0.206,1,1
47,4,2/17/08 11:50,8,0.882,2,1
47,4,2/17/08 11:50,8,5.517,2,1
47,4,2/17/08 11:51,4,0.101,1,1
47,4,2/17/08 11:51,4,0.214,2,1
47,4,2/17/08 11:51,4,0.386,2,1
47,4,2/17/08 11:51,6,0.248,2,1
49,4,2/17/08 15:26,4,0.674,2,1
49,4,2/17/08 15:26,4,0.742,2,1
49,4,2/17/08 15:26,4,1.554,-1,0
49,4,2/17/08 15:26,6,0.633,-1,0
49,4,2/17/08 15:26,6,0.975,1,1
49,4,2/17/08 15:26,6,1.534,1,1
49,4,2/17/08 15:26,6,2.145,2,1
49,4,2/17/08 15:26,8,1.182,2,1
49,4,2/17/08 15:26,8,1.407,1,0
49,4,2/17/08 15:27,4,0.181,2,1
49,4,2/17/08 15:27,4,0.255,2,1
49,4,2/17/08 15:27,4,0.386,1,1
49,4,2/17/08 15:27,4,0.398,1,1
49,4,2/17/08 15:27,4,0.499,1,1
49,4,2/17/08 15:27,4,0.514,1,1
49,4,2/17/08 15:27,4,0.555,2,1
49,4,2/17/08 15:27,4,0.56,1,1
49,4,2/17/08 15:27,6,0.761,2,1
49,4,2/17/08 15:27,6,0.802,1,1
49,4,2/17/08 15:27,6,1.705,1,1
49,4,2/17/08 15:27,8,0.432,1,1
49,4,2/17/08 15:27,8,0.444,1,1
49,4,2/17/08 15:27,8,0.464,2,1
49,4,2/17/08 15:28,4,0.13,2,1
49,4,2/17/08 15:28,4,0.203,2,1
49,4,2/17/08 15:28,4,0.886,1,1
49,4,2/17/08 15:28,6,0.621,1,1
49,4,2/17/08 15:28,8,0.154,2,1
49,4,2/17/08 15:28,8,0.306,1,1
49,4,2/17/08 15:28,8,0.393,1,1
50,4,2/17/08 16:10,4,0.398,1,1
50,4,2/17/08 16:10,4,0.88,1,1
50,4,2/17/08 16:10,4,0.883,1,1
50,4,2/17/08 16:10,4,1.083,1,1
50,4,2/17/08 16:10,4,4.039,2,1
50,4,2/17/08 16:10,6,0.568,1,1
50,4,2/17/08 16:10,8,0.802,2,0
50,4,2/17/08 16:10,8,3.465,-1,0
50,4,2/17/08 16:11,4,0.233,1,1
50,4,2/17/08 16:11,4,0.325,2,1
50,4,2/17/08 16:11,4,0.457,2,1
50,4,2/17/08 16:11,4,0.464,1,1
50,4,2/17/08 16:11,4,0.496,2,1
50,4,2/17/08 16:11,4,0.587,2,1
50,4,2/17/08 16:11,4,0.619,1,1
50,4,2/17/08 16:11,4,0.722,2,1
50,4,2/17/08 16:11,6,0.506,2,1
50,4,2/17/08 16:11,6,0.511,1,1
50,4,2/17/08 16:11,6,0.556,1,1
50,4,2/17/08 16:11,6,0.684,2,1
50,4,2/17/08 16:11,8,0.215,1,1
50,4,2/17/08 16:11,8,0.354,1,0
50,4,2/17/08 16:12,4,0.05,2,1
50,4,2/17/08 16:12,4,0.11,1,1
50,4,2/17/08 16:12,4,0.203,1,1
50,4,2/17/08 16:12,4,0.334,1,1
50,4,2/17/08 16:12,4,0.369,1,1
50,4,2/17/08 16:12,4,0.468,1,1
50,4,2/17/08 16:12,6,0.183,1,1
50,4,2/17/08 16:12,8,0.182,1,1
51,4,2/27/08 16:22,4,0.839,2,1
51,4,2/27/08 16:22,4,0.923,1,1
51,4,2/27/08 16:22,6,0.501,1,1
51,4,2/27/08 16:22,6,0.679,1,1
51,4,2/27/08 16:22,8,1.019,2,1
51,4,2/27/08 16:23,4,0.452,1,1
51,4,2/27/08 16:23,4,0.485,2,1
51,4,2/27/08 16:23,4,0.534,1,1
51,4,2/27/08 16:23,4,0.547,1,1
51,4,2/27/08 16:23,4,0.574,2,1
51,4,2/27/08 16:23,4,0.749,1,1
51,4,2/27/08 16:23,4,1.083,1,1
51,4,2/27/08 16:23,6,0.276,2,1
51,4,2/27/08 16:23,6,0.359,2,1
51,4,2/27/08 16:23,6,0.535,1,1
51,4,2/27/08 16:23,6,0.583,1,1
51,4,2/27/08 16:23,8,0.464,1,1
51,4,2/27/08 16:23,8,0.473,1,1
51,4,2/27/08 16:23,8,0.599,2,1
51,4,2/27/08 16:24,4,0.343,2,1
51,4,2/27/08 16:24,4,0.361,1,1
51,4,2/27/08 16:24,4,0.368,2,1
51,4,2/27/08 16:24,4,0.556,2,1
51,4,2/27/08 16:24,4,0.571,1,1
51,4,2/27/08 16:24,4,0.638,1,1
51,4,2/27/08 16:24,6,0.3,2,1
51,4,2/27/08 16:24,6,0.32,1,1
51,4,2/27/08 16:24,6,0.338,1,1
51,4,2/27/08 16:24,6,0.349,1,1
51,4,2/27/08 16:24,8,0.343,2,1
52,5,2/24/08 16:14,4,2.608,2,1
52,5,2/24/08 16:15,4,0.093,2,1
52,5,2/24/08 16:15,4,0.561,1,1
52,5,2/24/08 16:15,4,0.651,2,1
52,5,2/24/08 16:15,4,0.893,2,1
52,5,2/24/08 16:15,4,1.572,1,0
52,5,2/24/08 16:15,6,0.196,2,1
52,5,2/24/08 16:15,6,0.71,2,0
52,5,2/24/08 16:15,6,2.032,2,0
52,5,2/24/08 16:15,8,0.106,1,1
52,5,2/24/08 16:15,8,0.163,1,1
52,5,2/24/08 16:15,8,0.372,1,1
52,5,2/24/08 16:15,8,0.416,2,0
52,5,2/24/08 16:15,8,1.39,2,1
52,5,2/24/08 16:16,4,0.272,1,1
52,5,2/24/08 16:16,4,0.316,1,1
52,5,2/24/08 16:16,4,0.36,2,1
52,5,2/24/08 16:16,4,0.467,2,1
52,5,2/24/08 16:16,4,0.569,2,1
52,5,2/24/08 16:16,4,0.815,2,1
52,5,2/24/08 16:16,4,0.926,1,0
52,5,2/24/08 16:16,4,1.117,2,1
52,5,2/24/08 16:16,6,0.189,1,1
52,5,2/24/08 16:16,6,0.289,1,1
52,5,2/24/08 16:16,6,0.304,2,1
52,5,2/24/08 16:16,6,0.509,1,0
52,5,2/24/08 16:16,6,1.053,1,1
52,5,2/24/08 16:16,8,0.534,2,1
52,5,2/24/08 16:16,8,0.552,2,1
52,5,2/24/08 16:17,6,0.898,1,1
54,5,3/1/08 15:16,4,1.66,-1,0
54,5,3/1/08 15:16,4,2.734,2,1
54,5,3/1/08 15:16,4,3.81,-1,0
54,5,3/1/08 15:16,4,4.067,1,1
54,5,3/1/08 15:16,6,0.9,-1,0
54,5,3/1/08 15:16,6,5.888,2,0
54,5,3/1/08 15:16,8,2.451,-1,0
54,5,3/1/08 15:16,8,5.967,-1,0
54,5,3/1/08 15:17,4,0.954,2,1
54,5,3/1/08 15:17,4,1.841,2,1
54,5,3/1/08 15:17,4,2.863,1,1
54,5,3/1/08 15:17,6,1.198,2,1
54,5,3/1/08 15:17,6,2.044,1,1
54,5,3/1/08 15:17,8,0.864,2,1
54,5,3/1/08 15:17,8,1.482,1,1
54,5,3/1/08 15:17,8,1.704,1,1
54,5,3/1/08 15:17,8,6.422,2,0
54,5,3/1/08 15:18,4,0.567,2,1
54,5,3/1/08 15:18,4,1.16,1,1
54,5,3/1/08 15:18,4,1.295,2,1
54,5,3/1/08 15:18,4,2.51,2,1
54,5,3/1/08 15:18,4,4.763,1,0
54,5,3/1/08 15:18,4,9.085,1,0
54,5,3/1/08 15:18,6,1.694,1,1
54,5,3/1/08 15:18,6,4.692,1,1
54,5,3/1/08 15:18,8,2.123,1,0
54,5,3/1/08 15:19,4,3.452,1,0
54,5,3/1/08 15:19,6,0.738,2,1
54,5,3/1/08 15:19,6,0.887,2,1
54,5,3/1/08 15:19,6,1.457,2,0
55r1,5,3/1/08 15:36,4,2.31,-1,0
55r1,5,3/1/08 15:36,4,2.501,-1,0
55r1,5,3/1/08 15:36,4,6.119,-1,0
55r1,5,3/1/08 15:36,6,2.517,-1,0
55r1,5,3/1/08 15:36,6,2.885,-1,0
55r1,5,3/1/08 15:36,8,0.739,-1,0
55r1,5,3/1/08 15:37,4,0.368,1,1
55r1,5,3/1/08 15:37,4,0.482,2,0
55r1,5,3/1/08 15:37,4,0.823,2,1
55r1,5,3/1/08 15:37,6,0.333,2,1
55r1,5,3/1/08 15:37,6,0.525,2,1
55r1,5,3/1/08 15:37,6,0.745,1,0
55r1,5,3/1/08 15:37,6,1.621,1,0
55r1,5,3/1/08 15:37,6,1.827,1,0
55r1,5,3/1/08 15:37,8,0.296,2,1
55r1,5,3/1/08 15:37,8,0.984,2,1
55r1,5,3/1/08 15:37,8,6.136,1,1
55r1,5,3/1/08 15:38,4,0.218,2,1
55r1,5,3/1/08 15:38,4,0.256,2,1
55r1,5,3/1/08 15:38,4,0.384,2,0
55r1,5,3/1/08 15:38,4,0.774,2,1
55r1,5,3/1/08 15:38,6,0.104,1,1
55r1,5,3/1/08 15:38,6,0.192,1,1
55r1,5,3/1/08 15:38,6,0.238,1,1
55r1,5,3/1/08 15:38,6,0.276,2,1
55r1,5,3/1/08 15:38,6,0.439,1,1
55r1,5,3/1/08 15:38,6,2.478,1,0
55r1,5,3/1/08 15:38,8,0.265,1,1
55r1,5,3/1/08 15:38,8,0.303,2,0
55r1,5,3/1/08 15:38,8,0.788,1,1
55r2,5,3/2/08 14:36,4,0.327,2,1
55r2,5,3/2/08 14:36,4,0.458,2,1
55r2,5,3/2/08 14:36,4,0.503,2,1
55r2,5,3/2/08 14:36,4,0.693,1,1
55r2,5,3/2/08 14:36,4,0.771,1,0
55r2,5,3/2/08 14:36,4,1.878,2,1
55r2,5,3/2/08 14:36,6,0.348,2,1
55r2,5,3/2/08 14:36,6,0.485,1,1
55r2,5,3/2/08 14:36,6,0.515,1,1
55r2,5,3/2/08 14:36,8,0.308,1,1
55r2,5,3/2/08 14:36,8,0.416,1,1
55r2,5,3/2/08 14:36,8,0.594,1,1
55r2,5,3/2/08 14:36,8,1.311,2,1
55r2,5,3/2/08 14:37,4,0.316,1,1
55r2,5,3/2/08 14:37,4,0.348,2,1
55r2,5,3/2/08 14:37,4,0.386,2,1
55r2,5,3/2/08 14:37,4,0.47,2,1
55r2,5,3/2/08 14:37,4,0.565,1,1
55r2,5,3/2/08 14:37,4,0.66,2,1
55r2,5,3/2/08 14:37,4,0.798,2,1
55r2,5,3/2/08 14:37,6,0.321,1,1
55r2,5,3/2/08 14:37,6,0.355,1,1
55r2,5,3/2/08 14:37,6,0.369,1,1
55r2,5,3/2/08 14:37,8,0.029,2,1
55r2,5,3/2/08 14:37,8,0.122,2,1
55r2,5,3/2/08 14:37,8,0.409,1,1
55r2,5,3/2/08 14:38,4,2.252,2,1
55r2,5,3/2/08 14:38,6,0.14,1,1
55r2,5,3/2/08 14:38,6,0.178,2,1
55r2,5,3/2/08 14:38,6,0.208,2,1
5,6,5/20/07 11:48,4,6.116,2,0
5,6,5/20/07 11:48,6,3.45,2,1
5,6,5/20/07 11:48,8,0.967,1,1
5,6,5/20/07 11:48,8,4.629,2,1
5,6,5/20/07 11:49,4,2.194,1,1
5,6,5/20/07 11:49,4,2.296,1,0
5,6,5/20/07 11:49,4,4.932,1,1
5,6,5/20/07 11:49,4,6.122,1,0
5,6,5/20/07 11:49,6,3.116,1,1
5,6,5/20/07 11:49,6,3.985,2,1
5,6,5/20/07 11:49,8,0.684,1,1
5,6,5/20/07 11:49,8,1.151,2,1
5,6,5/20/07 11:49,8,1.266,1,1
5,6,5/20/07 11:50,4,1.339,1,0
5,6,5/20/07 11:50,4,2.374,2,1
5,6,5/20/07 11:50,4,2.844,2,1
5,6,5/20/07 11:50,6,0.489,2,1
5,6,5/20/07 11:50,6,1.015,1,0
5,6,5/20/07 11:50,6,1.039,2,1
5,6,5/20/07 11:50,6,1.671,2,0
5,6,5/20/07 11:50,8,0.31,2,0
5,6,5/20/07 11:50,8,0.868,1,1
5,6,5/20/07 11:50,8,0.992,2,0
5,6,5/20/07 11:50,8,1.068,2,0
5,6,5/20/07 11:51,4,4.954,1,0
5,6,5/20/07 11:51,6,0.808,1,0
5,6,5/20/07 11:51,6,0.957,1,1
5,6,5/20/07 11:51,8,0.314,2,1
5,6,5/20/07 11:51,8,0.578,2,1
5,6,5/20/07 11:51,8,0.902,1,1
56,5,3/2/08 14:51,4,0.66,1,0
56,5,3/2/08 14:51,4,1.319,1,0
56,5,3/2/08 14:51,4,2.032,2,1
56,5,3/2/08 14:51,6,0.722,1,1
56,5,3/2/08 14:51,6,1.884,1,1
56,5,3/2/08 14:51,8,0.86,2,1
56,5,3/2/08 14:52,4,0.792,1,1
56,5,3/2/08 14:52,4,0.836,1,1
56,5,3/2/08 14:52,4,1.13,2,1
56,5,3/2/08 14:52,4,1.252,1,0
56,5,3/2/08 14:52,6,0.444,1,1
56,5,3/2/08 14:52,6,3.036,1,0
56,5,3/2/08 14:52,8,0.401,2,1
56,5,3/2/08 14:52,8,0.715,1,1
56,5,3/2/08 14:52,8,0.774,2,0
56,5,3/2/08 14:52,8,0.791,1,1
56,5,3/2/08 14:52,8,4.155,1,1
56,5,3/2/08 14:53,4,0.211,1,0
56,5,3/2/08 14:53,4,0.301,1,0
56,5,3/2/08 14:53,4,0.745,2,1
56,5,3/2/08 14:53,4,1.222,2,0
56,5,3/2/08 14:53,4,1.654,2,1
56,5,3/2/08 14:53,4,1.768,1,0
56,5,3/2/08 14:53,4,1.901,2,1
56,5,3/2/08 14:53,6,0.436,2,1
56,5,3/2/08 14:53,6,0.578,1,1
56,5,3/2/08 14:53,6,0.916,1,0
56,5,3/2/08 14:53,6,1.466,1,1
56,5,3/2/08 14:53,8,2.935,2,1
56,5,3/2/08 14:54,6,1.157,2,0
57,5,3/8/08 14:48,4,2.419,2,1
57,5,3/8/08 14:49,4,0.874,1,1
57,5,3/8/08 14:49,4,1.459,1,0
57,5,3/8/08 14:49,4,2.516,1,0
57,5,3/8/08 14:49,4,4.213,1,0
57,5,3/8/08 14:49,6,0.589,1,1
57,5,3/8/08 14:49,6,0.634,2,1
57,5,3/8/08 14:49,6,0.778,1,1
57,5,3/8/08 14:49,8,0.626,1,1
57,5,3/8/08 14:49,8,0.749,1,1
57,5,3/8/08 14:49,8,1.158,1,1
57,5,3/8/08 14:49,8,1.412,2,1
57,5,3/8/08 14:50,4,0.429,1,1
57,5,3/8/08 14:50,4,0.429,2,1
57,5,3/8/08 14:50,4,0.589,2,1
57,5,3/8/08 14:50,4,0.66,1,1
57,5,3/8/08 14:50,4,0.732,2,1
57,5,3/8/08 14:50,4,1.388,2,1
57,5,3/8/08 14:50,4,1.835,2,1
57,5,3/8/08 14:50,6,0.523,1,1
57,5,3/8/08 14:50,6,0.526,1,1
57,5,3/8/08 14:50,6,0.561,1,1
57,5,3/8/08 14:50,8,0.485,1,1
57,5,3/8/08 14:50,8,0.701,2,1
57,5,3/8/08 14:50,8,0.735,2,1
57,5,3/8/08 14:51,4,1.018,2,1
57,5,3/8/08 14:51,4,4.474,2,1
57,5,3/8/08 14:51,6,0.476,1,1
57,5,3/8/08 14:51,6,0.612,2,1
57,5,3/8/08 14:51,6,0.625,2,1
58,5,3/8/08 14:57,6,0.814,1,1
58,5,3/8/08 14:57,8,1.143,2,1
58,5,3/8/08 14:58,4,0.338,1,1
58,5,3/8/08 14:58,4,0.591,2,1
58,5,3/8/08 14:58,4,2.241,2,0
58,5,3/8/08 14:58,6,0.478,1,1
58,5,3/8/08 14:58,6,0.537,1,0
58,5,3/8/08 14:58,6,0.57,1,0
58,5,3/8/08 14:58,6,0.782,2,1
58,5,3/8/08 14:58,6,2.512,1,1
58,5,3/8/08 14:58,8,0.319,1,1
58,5,3/8/08 14:58,8,0.394,1,1
58,5,3/8/08 14:58,8,0.475,2,0
58,5,3/8/08 14:58,8,0.944,2,1
58,5,3/8/08 14:59,4,0.249,2,1
58,5,3/8/08 14:59,4,0.697,1,1
58,5,3/8/08 14:59,4,0.938,1,1
58,5,3/8/08 14:59,4,0.944,1,1
58,5,3/8/08 14:59,4,1.55,1,1
58,5,3/8/08 14:59,4,1.631,1,1
58,5,3/8/08 14:59,6,0.59,1,1
58,5,3/8/08 14:59,6,1.002,1,1
58,5,3/8/08 14:59,6,1.35,2,1
58,5,3/8/08 14:59,6,1.509,2,1
58,5,3/8/08 14:59,6,1.625,2,1
58,5,3/8/08 14:59,8,0.274,1,1
58,5,3/8/08 14:59,8,0.601,2,1
58,5,3/8/08 15:00,4,0.514,2,1
58,5,3/8/08 15:00,6,0.427,1,1
58,5,3/8/08 15:00,6,0.79,1,0
59,5,3/8/08 15:33,4,0.552,-1,0
59,5,3/8/08 15:33,4,0.801,1,1
59,5,3/8/08 15:33,4,1.818,-1,0
59,5,3/8/08 15:33,4,2.548,1,0
59,5,3/8/08 15:33,6,0.609,2,0
59,5,3/8/08 15:33,6,1.089,-1,0
59,5,3/8/08 15:33,6,1.135,-1,0
59,5,3/8/08 15:33,6,1.268,-1,0
59,5,3/8/08 15:33,6,3.431,-1,0
59,5,3/8/08 15:33,8,1.468,2,1
59,5,3/8/08 15:34,4,0,1,1
59,5,3/8/08 15:34,4,0.146,1,1
59,5,3/8/08 15:34,4,0.19,2,1
59,5,3/8/08 15:34,4,0.214,2,1
59,5,3/8/08 15:34,4,0.215,2,1
59,5,3/8/08 15:34,4,0.431,1,0
59,5,3/8/08 15:34,4,0.44,2,0
59,5,3/8/08 15:34,4,0.484,1,1
59,5,3/8/08 15:34,4,0.573,2,0
59,5,3/8/08 15:34,4,2.684,2,1
59,5,3/8/08 15:34,6,0.211,1,1
59,5,3/8/08 15:34,6,0.266,1,1
59,5,3/8/08 15:34,6,0.332,2,1
59,5,3/8/08 15:34,6,0.338,1,1
59,5,3/8/08 15:34,8,0.386,2,1
59,5,3/8/08 15:35,6,0.083,2,0
59,5,3/8/08 15:35,6,0.156,2,0
59,5,3/8/08 15:35,6,0.295,2,1
59,5,3/8/08 15:35,6,0.707,2,1
59,5,3/8/08 15:35,8,0.372,2,1
60,5,3/9/08 14:46,4,6.489,1,0
60,5,3/9/08 14:47,4,0.327,2,1
60,5,3/9/08 14:47,4,0.645,2,1
60,5,3/9/08 14:47,4,0.899,2,1
60,5,3/9/08 14:47,4,1.184,2,0
60,5,3/9/08 14:47,6,0.29,1,0
60,5,3/9/08 14:47,6,0.977,2,0
60,5,3/9/08 14:47,6,1.765,1,1
60,5,3/9/08 14:47,8,0.394,1,1
60,5,3/9/08 14:47,8,0.454,2,0
60,5,3/9/08 14:47,8,0.88,1,1
60,5,3/9/08 14:47,8,1.646,1,0
60,5,3/9/08 14:48,4,0.544,2,1
60,5,3/9/08 14:48,4,0.559,2,1
60,5,3/9/08 14:48,4,0.625,2,1
60,5,3/9/08 14:48,4,0.643,2,0
60,5,3/9/08 14:48,4,0.919,2,0
60,5,3/9/08 14:48,4,1.422,1,0
60,5,3/9/08 14:48,4,4.256,2,1
60,5,3/9/08 14:48,6,0.216,1,1
60,5,3/9/08 14:48,6,1.547,1,1
60,5,3/9/08 14:48,6,1.597,2,0
60,5,3/9/08 14:48,8,0.251,1,0
60,5,3/9/08 14:48,8,0.423,1,1
60,5,3/9/08 14:48,8,1.605,1,0
60,5,3/9/08 14:49,4,0.127,2,1
60,5,3/9/08 14:49,4,0.727,1,0
60,5,3/9/08 14:49,6,0.263,1,1
60,5,3/9/08 14:49,6,0.488,2,1
60,5,3/9/08 14:49,6,0.686,1,0
61,5,3/9/08 15:45,4,0.89,1,0
61,5,3/9/08 15:45,4,2.655,1,0
61,5,3/9/08 15:45,4,7.233,2,1
61,5,3/9/08 15:45,6,0.909,1,1
61,5,3/9/08 15:45,6,1.312,1,1
61,5,3/9/08 15:45,8,1.405,2,1
61,5,3/9/08 15:46,4,0.758,2,0
61,5,3/9/08 15:46,4,1.076,1,1
61,5,3/9/08 15:46,4,1.105,2,1
61,5,3/9/08 15:46,4,1.704,1,0
61,5,3/9/08 15:46,6,2.713,1,0
61,5,3/9/08 15:46,6,3.343,1,1
61,5,3/9/08 15:46,8,0.758,1,0
61,5,3/9/08 15:46,8,0.841,1,1
61,5,3/9/08 15:46,8,1.394,2,0
61,5,3/9/08 15:46,8,1.559,1,1
61,5,3/9/08 15:46,8,2.71,2,0
61,5,3/9/08 15:47,4,0.754,2,1
61,5,3/9/08 15:47,4,1.658,1,0
61,5,3/9/08 15:47,4,1.908,2,1
61,5,3/9/08 15:47,4,1.976,2,1
61,5,3/9/08 15:47,4,2.196,1,0
61,5,3/9/08 15:47,4,2.272,1,1
61,5,3/9/08 15:47,4,2.488,1,0
61,5,3/9/08 15:47,6,0.595,2,0
61,5,3/9/08 15:47,6,0.704,1,1
61,5,3/9/08 15:47,6,0.742,2,1
61,5,3/9/08 15:47,6,0.973,2,1
61,5,3/9/08 15:47,8,0.939,1,0
61,5,3/9/08 15:48,6,3.308,2,0
63,5,3/15/08 14:56,4,2.74,2,1
63,5,3/15/08 14:56,8,1.193,2,1
63,5,3/15/08 14:57,4,0.277,2,1
63,5,3/15/08 14:57,4,0.307,2,1
63,5,3/15/08 14:57,4,0.495,1,1
63,5,3/15/08 14:57,4,0.511,1,1
63,5,3/15/08 14:57,4,0.594,2,1
63,5,3/15/08 14:57,4,1.444,2,1
63,5,3/15/08 14:57,6,0.359,2,1
63,5,3/15/08 14:57,6,0.493,1,1
63,5,3/15/08 14:57,6,0.659,1,1
63,5,3/15/08 14:57,8,0.421,1,1
63,5,3/15/08 14:57,8,0.424,1,1
63,5,3/15/08 14:57,8,0.45,1,1
63,5,3/15/08 14:57,8,1.139,1,1
63,5,3/15/08 14:58,4,0.202,2,1
63,5,3/15/08 14:58,4,0.247,2,1
63,5,3/15/08 14:58,4,0.357,2,1
63,5,3/15/08 14:58,4,0.382,2,1
63,5,3/15/08 14:58,4,1.252,1,1
63,5,3/15/08 14:58,4,1.829,2,1
63,5,3/15/08 14:58,4,1.986,2,1
63,5,3/15/08 14:58,6,0.341,1,1
63,5,3/15/08 14:58,6,0.662,2,1
63,5,3/15/08 14:58,6,0.721,1,1
63,5,3/15/08 14:58,6,5.829,2,0
63,5,3/15/08 14:58,8,0.176,2,1
63,5,3/15/08 14:58,8,0.346,2,1
63,5,3/15/08 14:59,6,0.41,1,1
63,5,3/15/08 14:59,6,0.688,2,1
64,5,3/15/08 15:34,4,0.255,1,1
64,5,3/15/08 15:34,4,0.625,2,1
64,5,3/15/08 15:34,4,1.463,2,1
64,5,3/15/08 15:34,4,1.613,2,1
64,5,3/15/08 15:34,6,0.48,1,1
64,5,3/15/08 15:34,6,0.527,1,1
64,5,3/15/08 15:34,8,0.624,1,1
64,5,3/15/08 15:34,8,0.702,1,1
64,5,3/15/08 15:34,8,2.306,2,1
64,5,3/15/08 15:35,4,1.183,2,1
64,5,3/15/08 15:35,4,4.515,2,1
64,5,3/15/08 15:35,4,7.65,1,1
64,5,3/15/08 15:35,6,0.29,1,1
64,5,3/15/08 15:35,6,0.424,2,1
64,5,3/15/08 15:35,8,0.873,1,1
64,5,3/15/08 15:35,8,1.823,1,1
64,5,3/15/08 15:35,8,6.35,-1,0
64,5,3/15/08 15:36,4,0.44,2,1
64,5,3/15/08 15:36,4,0.748,2,1
64,5,3/15/08 15:36,4,1.941,1,1
64,5,3/15/08 15:36,4,3.478,2,1
64,5,3/15/08 15:36,4,4.111,2,1
64,5,3/15/08 15:36,4,5.593,1,0
64,5,3/15/08 15:36,4,5.918,2,1
64,5,3/15/08 15:36,6,0.202,1,1
64,5,3/15/08 15:36,6,0.362,1,1
64,5,3/15/08 15:36,8,3.404,2,1
64,5,3/15/08 15:37,6,0.273,1,1
64,5,3/15/08 15:37,6,0.414,2,1
64,5,3/15/08 15:37,6,0.807,1,0
6,9,5/20/07 11:57,6,0.339,1,1
6,9,5/20/07 11:57,6,0.386,1,1
6,9,5/20/07 11:57,6,0.461,2,1
6,9,5/20/07 11:57,6,0.494,1,1
6,9,5/20/07 11:57,8,0.544,2,1
6,9,5/20/07 11:57,8,0.557,1,1
6,9,5/20/07 11:57,8,0.676,1,1
6,9,5/20/07 11:58,4,0.487,1,1
6,9,5/20/07 11:58,4,0.887,1,0
6,9,5/20/07 11:58,4,1.173,1,1
6,9,5/20/07 11:58,4,1.678,1,0
6,9,5/20/07 11:58,6,0.379,1,1
6,9,5/20/07 11:58,6,0.5,2,0
6,9,5/20/07 11:58,8,0.322,1,1
6,9,5/20/07 11:58,8,0.332,2,1
6,9,5/20/07 11:58,8,0.348,1,1
6,9,5/20/07 11:58,8,0.359,1,1
6,9,5/20/07 11:58,8,0.457,2,1
6,9,5/20/07 11:58,8,0.48,1,1
6,9,5/20/07 11:58,8,2.162,2,1
6,9,5/20/07 11:59,4,0.666,1,1
6,9,5/20/07 11:59,4,0.783,2,0
6,9,5/20/07 11:59,4,1.456,2,1
6,9,5/20/07 11:59,4,1.889,2,1
6,9,5/20/07 11:59,6,0.639,1,1
6,9,5/20/07 11:59,6,1.019,1,1
6,9,5/20/07 11:59,8,0.373,1,1
6,9,5/20/07 11:59,8,0.401,2,1
6,9,5/20/07 11:59,8,0.561,1,1
6,9,5/20/07 11:59,8,1.492,1,0
7,3,5/20/07 15:22,4,0.536,1,1
7,3,5/20/07 15:22,4,0.803,2,1
7,3,5/20/07 15:22,4,0.836,2,1
7,3,5/20/07 15:22,6,0.507,1,1
7,3,5/20/07 15:22,6,0.812,2,1
7,3,5/20/07 15:22,6,0.938,2,1
7,3,5/20/07 15:22,6,2.032,1,1
7,3,5/20/07 15:22,8,0.609,2,1
7,3,5/20/07 15:22,8,0.62,1,1
7,3,5/20/07 15:22,8,3.4,2,1
7,3,5/20/07 15:23,4,0.454,1,1
7,3,5/20/07 15:23,4,0.703,1,1
7,3,5/20/07 15:23,4,1.091,1,1
7,3,5/20/07 15:23,6,0.307,1,1
7,3,5/20/07 15:23,6,0.441,2,1
7,3,5/20/07 15:23,6,0.466,2,1
7,3,5/20/07 15:23,6,0.599,1,1
7,3,5/20/07 15:23,6,0.847,1,1
7,3,5/20/07 15:23,6,1.824,1,1
7,3,5/20/07 15:23,8,0.331,1,1
7,3,5/20/07 15:23,8,0.411,1,1
7,3,5/20/07 15:23,8,0.412,1,1
7,3,5/20/07 15:23,8,0.483,2,1
7,3,5/20/07 15:24,4,0.444,2,1
7,3,5/20/07 15:24,4,0.554,2,1
7,3,5/20/07 15:24,6,0.518,1,1
7,3,5/20/07 15:24,6,0.535,1,1
7,3,5/20/07 15:24,8,0.37,2,1
7,3,5/20/07 15:24,8,0.556,1,1
7,3,5/20/07 15:24,8,0.733,2,1
8,6,5/20/07 15:35,4,1.07,2,1
8,6,5/20/07 15:35,4,1.44,2,1
8,6,5/20/07 15:35,6,0.678,2,1
8,6,5/20/07 15:35,6,1.183,1,1
8,6,5/20/07 15:35,6,1.355,1,1
8,6,5/20/07 15:35,6,1.456,1,1
8,6,5/20/07 15:35,8,0.829,1,1
8,6,5/20/07 15:35,8,1.407,1,1
8,6,5/20/07 15:35,8,1.679,1,0
8,6,5/20/07 15:36,4,0.69,2,1
8,6,5/20/07 15:36,4,0.759,2,1
8,6,5/20/07 15:36,4,2.71,2,1
8,6,5/20/07 15:36,6,0.447,2,1
8,6,5/20/07 15:36,6,0.624,1,1
8,6,5/20/07 15:36,6,1.006,2,1
8,6,5/20/07 15:36,6,1.241,1,1
8,6,5/20/07 15:36,8,0.64,1,0
8,6,5/20/07 15:36,8,0.749,1,1
8,6,5/20/07 15:36,8,1.245,1,0
8,6,5/20/07 15:36,8,3.303,2,1
8,6,5/20/07 15:37,4,2.327,2,1
8,6,5/20/07 15:37,6,0.535,2,1
8,6,5/20/07 15:37,6,0.537,2,1
8,6,5/20/07 15:37,6,0.631,2,1
8,6,5/20/07 15:37,6,1.069,2,1
8,6,5/20/07 15:37,6,1.291,1,1
8,6,5/20/07 15:37,8,0.554,1,0
8,6,5/20/07 15:37,8,0.559,1,0
8,6,5/20/07 15:37,8,1.068,1,0
8,6,5/20/07 15:37,8,1.158,1,0
9,9,7/25/07 12:27,4,0.913,1,1
9,9,7/25/07 12:27,4,1.534,1,1
9,9,7/25/07 12:27,4,1.698,2,0
9,9,7/25/07 12:27,4,3.363,1,1
9,9,7/25/07 12:27,6,0.239,2,1
9,9,7/25/07 12:27,6,0.447,2,1
9,9,7/25/07 12:27,6,0.598,2,0
9,9,7/25/07 12:27,6,0.901,1,1
9,9,7/25/07 12:27,6,1.464,2,0
9,9,7/25/07 12:27,8,0.498,1,1
9,9,7/25/07 12:27,8,0.516,2,1
9,9,7/25/07 12:27,8,0.734,2,1
9,9,7/25/07 12:28,4,0.434,2,0
9,9,7/25/07 12:28,4,0.646,1,1
9,9,7/25/07 12:28,4,0.761,2,0
9,9,7/25/07 12:28,4,0.771,2,1
9,9,7/25/07 12:28,4,1.322,1,1
9,9,7/25/07 12:28,4,1.56,1,1
9,9,7/25/07 12:28,4,1.58,1,0
9,9,7/25/07 12:28,6,0.696,1,0
9,9,7/25/07 12:28,6,0.868,1,1
9,9,7/25/07 12:28,6,1.848,1,1
9,9,7/25/07 12:28,8,0.212,2,1
9,9,7/25/07 12:28,8,0.235,2,1
9,9,7/25/07 12:28,8,0.435,2,1
9,9,7/25/07 12:29,4,0.381,2,0
9,9,7/25/07 12:29,4,0.861,1,1
9,9,7/25/07 12:29,4,1.098,2,0
9,9,7/25/07 12:29,6,0.354,1,1
9,9,7/25/07 12:29,6,0.414,1,1
