subid,n.tokens,timestamp,word.len,rt,keypress,correct
10,600,4/17/07 11:39,4,0.683,1,1
10,600,4/17/07 11:39,6,11.566,2,0
10,600,4/17/07 11:39,6,2.768,1,1
10,600,4/17/07 11:39,8,0.918,1,1
10,600,4/17/07 11:39,8,1.332,1,1
10,600,4/17/07 11:40,4,0.542,1,1
10,600,4/17/07 11:40,4,0.602,1,1
10,600,4/17/07 11:40,4,0.731,2,1
10,600,4/17/07 11:40,4,1.224,1,0
10,600,4/17/07 11:40,4,2.993,2,1
10,600,4/17/07 11:40,6,0.809,2,1
10,600,4/17/07 11:40,6,8.867,1,1
10,600,4/17/07 11:40,8,0.572,1,1
10,600,4/17/07 11:40,8,1.087,1,1
10,600,4/17/07 11:40,8,1.267,1,1
10,600,4/17/07 11:40,8,1.464,2,1
10,600,4/17/07 11:41,4,0.693,1,1
10,600,4/17/07 11:41,4,1.486,1,1
10,600,4/17/07 11:41,4,3.675,2,1
10,600,4/17/07 11:41,4,4.658,2,1
10,600,4/17/07 11:41,6,0.542,2,0
10,600,4/17/07 11:41,6,1.68,2,1
10,600,4/17/07 11:41,6,2.683,1,0
10,600,4/17/07 11:41,8,0.698,2,1
10,600,4/17/07 11:41,8,1.162,2,1
10,600,4/17/07 11:41,8,1.751,1,0
10,600,4/17/07 11:42,4,0.756,1,1
10,600,4/17/07 11:42,4,1.025,1,1
10,600,4/17/07 11:42,4,1.872,1,1
10,600,4/17/07 11:42,8,0.746,1,1
1,1200,3/23/07 13:35,4,1.367,2,1
1,1200,3/23/07 13:35,8,0.509,2,1
1,1200,3/23/07 13:36,4,0.719,2,1
1,1200,3/23/07 13:36,4,1.839,2,1
1,1200,3/23/07 13:36,4,3.147,2,1
1,1200,3/23/07 13:36,4,3.226,1,0
1,1200,3/23/07 13:36,6,0.853,1,0
1,1200,3/23/07 13:36,6,0.862,1,0
1,1200,3/23/07 13:36,6,1.077,2,0
1,1200,3/23/07 13:36,6,2.057,2,1
1,1200,3/23/07 13:36,6,2.97,1,1
1,1200,3/23/07 13:36,8,0.788,2,1
1,1200,3/23/07 13:36,8,0.83,1,0
1,1200,3/23/07 13:37,4,1.364,1,0
1,1200,3/23/07 13:37,4,3.834,2,1
1,1200,3/23/07 13:37,6,2.954,2,1
1,1200,3/23/07 13:37,6,3.108,2,0
1,1200,3/23/07 13:37,6,3.842,2,1
1,1200,3/23/07 13:37,8,0.136,2,1
1,1200,3/23/07 13:37,8,0.536,2,1
1,1200,3/23/07 13:37,8,0.807,1,1
1,1200,3/23/07 13:37,8,0.895,1,1
1,1200,3/23/07 13:37,8,0.958,1,1
1,1200,3/23/07 13:37,8,0.973,1,1
1,1200,3/23/07 13:38,4,0.503,1,0
1,1200,3/23/07 13:38,4,1.432,1,1
1,1200,3/23/07 13:38,6,0.567,2,1
1,1200,3/23/07 13:38,6,1.144,2,0
1,1200,3/23/07 13:38,6,1.717,2,1
1,1200,3/23/07 13:38,8,0.529,1,1
11,900,4/17/07 12:06,4,1.341,1,1
11,900,4/17/07 12:06,4,3.374,2,0
11,900,4/17/07 12:06,6,0.734,2,0
11,900,4/17/07 12:06,6,1.095,1,1
11,900,4/17/07 12:06,6,3.684,1,1
11,900,4/17/07 12:06,8,0.326,2,1
11,900,4/17/07 12:06,8,0.859,2,1
11,900,4/17/07 12:07,4,0.283,1,1
11,900,4/17/07 12:07,4,0.336,2,1
11,900,4/17/07 12:07,4,0.48,1,1
11,900,4/17/07 12:07,4,0.596,2,1
11,900,4/17/07 12:07,4,1.43,2,1
11,900,4/17/07 12:07,6,0.314,2,0
11,900,4/17/07 12:07,6,0.504,2,0
11,900,4/17/07 12:07,6,0.609,2,1
11,900,4/17/07 12:07,6,0.835,1,1
11,900,4/17/07 12:07,6,1.335,2,0
11,900,4/17/07 12:07,6,1.73,2,1
11,900,4/17/07 12:07,8,0.25,1,1
11,900,4/17/07 12:07,8,0.27,1,1
11,900,4/17/07 12:07,8,1.096,1,0
11,900,4/17/07 12:08,4,0.305,1,1
11,900,4/17/07 12:08,4,0.695,1,1
11,900,4/17/07 12:08,6,0.466,2,1
11,900,4/17/07 12:08,6,0.783,1,0
11,900,4/17/07 12:08,6,0.977,1,0
11,900,4/17/07 12:08,6,1.264,2,0
11,900,4/17/07 12:08,8,0.39,1,1
11,900,4/17/07 12:08,8,0.409,1,1
11,900,4/17/07 12:08,8,0.589,2,1
13,300,4/17/07 12:23,4,4.465,2,1
13,300,4/17/07 12:23,6,1.463,1,0
13,300,4/17/07 12:23,6,3.754,2,1
13,300,4/17/07 12:23,8,0.976,2,1
13,300,4/17/07 12:24,4,0.318,2,1
13,300,4/17/07 12:24,4,0.672,1,1
13,300,4/17/07 12:24,4,0.859,1,1
13,300,4/17/07 12:24,4,0.882,1,1
13,300,4/17/07 12:24,6,0.447,2,1
13,300,4/17/07 12:24,6,0.536,2,1
13,300,4/17/07 12:24,6,0.581,2,1
13,300,4/17/07 12:24,6,0.588,2,1
13,300,4/17/07 12:24,6,0.705,1,0
13,300,4/17/07 12:24,6,1.489,2,1
13,300,4/17/07 12:24,8,0.414,2,1
13,300,4/17/07 12:24,8,0.617,2,1
13,300,4/17/07 12:24,8,0.85,2,1
13,300,4/17/07 12:25,4,0.589,1,1
13,300,4/17/07 12:25,4,0.867,1,1
13,300,4/17/07 12:25,4,2.321,2,0
13,300,4/17/07 12:25,6,0.263,1,1
13,300,4/17/07 12:25,6,0.346,1,0
13,300,4/17/07 12:25,6,0.482,2,1
13,300,4/17/07 12:25,6,0.495,2,1
13,300,4/17/07 12:25,6,0.718,1,1
13,300,4/17/07 12:25,6,0.721,1,1
13,300,4/17/07 12:25,8,0.209,2,0
13,300,4/17/07 12:25,8,0.528,1,0
13,300,4/17/07 12:25,8,1.061,1,1
13,300,4/17/07 12:25,8,1.285,2,1
14,600,4/17/07 13:07,4,0.621,1,1
14,600,4/17/07 13:07,4,1.247,1,1
14,600,4/17/07 13:07,4,4.597,2,1
14,600,4/17/07 13:07,4,5.112,1,1
14,600,4/17/07 13:07,6,0.2,2,1
14,600,4/17/07 13:07,6,0.377,2,1
14,600,4/17/07 13:07,6,0.462,1,1
14,600,4/17/07 13:07,6,1.551,1,1
14,600,4/17/07 13:08,4,0.683,2,1
14,600,4/17/07 13:08,4,1.631,2,1
14,600,4/17/07 13:08,4,1.701,1,1
14,600,4/17/07 13:08,4,1.746,1,1
14,600,4/17/07 13:08,4,2.159,2,1
14,600,4/17/07 13:08,6,0.127,2,1
14,600,4/17/07 13:08,6,0.187,1,1
14,600,4/17/07 13:08,6,0.246,2,1
14,600,4/17/07 13:08,6,0.311,2,1
14,600,4/17/07 13:08,6,0.531,1,1
14,600,4/17/07 13:08,8,0.061,1,1
14,600,4/17/07 13:08,8,0.171,2,1
14,600,4/17/07 13:08,8,0.754,1,1
14,600,4/17/07 13:09,4,0.396,1,1
14,600,4/17/07 13:09,4,1.523,1,0
14,600,4/17/07 13:09,6,0.079,2,1
14,600,4/17/07 13:09,6,0.115,2,1
14,600,4/17/07 13:09,6,0.139,1,1
14,600,4/17/07 13:09,8,0.101,1,1
14,600,4/17/07 13:09,8,0.224,1,1
14,600,4/17/07 13:09,8,2.31,1,0
14,600,4/17/07 13:09,8,3.751,1,1
15,900,4/17/07 14:02,4,0.608,2,1
15,900,4/17/07 14:02,4,1.206,1,1
15,900,4/17/07 14:02,6,0.284,1,1
15,900,4/17/07 14:02,6,0.303,2,1
15,900,4/17/07 14:02,6,0.84,1,1
15,900,4/17/07 14:02,6,2.555,-1,0
15,900,4/17/07 14:02,8,0.409,2,1
15,900,4/17/07 14:02,8,0.42,2,1
15,900,4/17/07 14:02,8,0.422,1,1
15,900,4/17/07 14:02,8,0.67,2,1
15,900,4/17/07 14:02,8,2.752,2,1
15,900,4/17/07 14:03,4,1.416,1,0
15,900,4/17/07 14:03,4,4.469,1,0
15,900,4/17/07 14:03,6,0.477,2,1
15,900,4/17/07 14:03,6,0.755,2,1
15,900,4/17/07 14:03,6,2.277,1,1
15,900,4/17/07 14:03,8,0.284,1,1
15,900,4/17/07 14:03,8,0.492,2,1
15,900,4/17/07 14:03,8,0.569,2,1
15,900,4/17/07 14:03,8,0.609,2,1
15,900,4/17/07 14:03,8,0.836,2,1
15,900,4/17/07 14:03,8,1.465,2,1
15,900,4/17/07 14:04,4,0.47,2,1
15,900,4/17/07 14:04,6,0.396,2,1
15,900,4/17/07 14:04,6,0.419,2,1
15,900,4/17/07 14:04,6,1.187,1,1
15,900,4/17/07 14:04,8,0.256,2,1
15,900,4/17/07 14:04,8,0.793,2,1
15,900,4/17/07 14:04,8,1.097,2,1
15,900,4/17/07 14:04,8,1.597,2,1
16,1200,4/17/07 14:40,4,3.803,2,0
16,1200,4/17/07 14:40,8,1.649,1,1
16,1200,4/17/07 14:40,8,2.22,2,1
16,1200,4/17/07 14:41,4,0.931,1,1
16,1200,4/17/07 14:41,4,1.622,2,1
16,1200,4/17/07 14:41,4,2.25,1,1
16,1200,4/17/07 14:41,6,0.724,2,1
16,1200,4/17/07 14:41,6,1.005,1,1
16,1200,4/17/07 14:41,6,1.05,2,1
16,1200,4/17/07 14:41,6,1.237,2,1
16,1200,4/17/07 14:41,6,1.28,2,1
16,1200,4/17/07 14:41,6,2.028,2,1
16,1200,4/17/07 14:41,8,0.907,1,1
16,1200,4/17/07 14:41,8,1.008,1,1
16,1200,4/17/07 14:41,8,1.639,2,1
16,1200,4/17/07 14:42,4,0.898,1,0
16,1200,4/17/07 14:42,4,1.714,1,0
16,1200,4/17/07 14:42,4,3.772,2,1
16,1200,4/17/07 14:42,6,0.543,2,1
16,1200,4/17/07 14:42,6,0.602,1,1
16,1200,4/17/07 14:42,6,0.67,1,1
16,1200,4/17/07 14:42,6,0.714,2,1
16,1200,4/17/07 14:42,6,1.101,1,1
16,1200,4/17/07 14:42,6,1.676,2,1
16,1200,4/17/07 14:42,8,0.718,2,1
16,1200,4/17/07 14:42,8,0.729,2,1
16,1200,4/17/07 14:42,8,0.748,2,1
16,1200,4/17/07 14:43,4,1.841,1,1
16,1200,4/17/07 14:43,4,2.026,1,1
16,1200,4/17/07 14:43,8,0.613,1,1
17,300,4/17/07 15:15,4,0.649,2,1
17,300,4/17/07 15:15,4,0.796,1,0
17,300,4/17/07 15:15,4,2.205,2,1
17,300,4/17/07 15:15,6,0.924,1,1
17,300,4/17/07 15:15,6,0.96,1,1
17,300,4/17/07 15:15,6,1.128,2,1
17,300,4/17/07 15:15,6,5.183,1,1
17,300,4/17/07 15:15,8,0.989,1,1
17,300,4/17/07 15:15,8,0.998,2,1
17,300,4/17/07 15:15,8,1.975,1,0
17,300,4/17/07 15:16,4,0.46,2,1
17,300,4/17/07 15:16,4,0.494,1,0
17,300,4/17/07 15:16,4,0.577,1,1
17,300,4/17/07 15:16,4,0.585,1,0
17,300,4/17/07 15:16,4,0.613,1,1
17,300,4/17/07 15:16,4,1.725,1,1
17,300,4/17/07 15:16,6,0.544,2,1
17,300,4/17/07 15:16,6,0.546,1,1
17,300,4/17/07 15:16,6,0.609,1,1
17,300,4/17/07 15:16,6,1.626,2,0
17,300,4/17/07 15:16,8,0.639,2,0
17,300,4/17/07 15:16,8,0.904,1,0
17,300,4/17/07 15:16,8,2.303,2,1
17,300,4/17/07 15:17,4,1.013,1,0
17,300,4/17/07 15:17,4,1.704,1,0
17,300,4/17/07 15:17,4,2.041,1,0
17,300,4/17/07 15:17,6,0.695,1,0
17,300,4/17/07 15:17,6,0.812,1,1
17,300,4/17/07 15:17,8,0.498,2,1
17,300,4/17/07 15:17,8,0.726,1,1
19,900,5/2/07 11:07,4,9.585,2,1
19,900,5/2/07 11:08,4,0.448,2,1
19,900,5/2/07 11:08,4,0.644,2,1
19,900,5/2/07 11:08,4,0.742,2,1
19,900,5/2/07 11:08,4,0.902,1,1
19,900,5/2/07 11:08,6,0.389,1,1
19,900,5/2/07 11:08,6,0.56,2,1
19,900,5/2/07 11:08,6,0.7,1,1
19,900,5/2/07 11:08,6,1.029,1,1
19,900,5/2/07 11:08,6,1.824,1,0
19,900,5/2/07 11:08,6,4.175,1,1
19,900,5/2/07 11:08,8,0.283,2,0
19,900,5/2/07 11:08,8,0.401,1,1
19,900,5/2/07 11:08,8,2.37,1,1
19,900,5/2/07 11:09,4,0.225,1,1
19,900,5/2/07 11:09,4,0.281,2,1
19,900,5/2/07 11:09,4,0.9,1,1
19,900,5/2/07 11:09,6,0.128,2,1
19,900,5/2/07 11:09,6,0.188,1,1
19,900,5/2/07 11:09,6,0.214,1,1
19,900,5/2/07 11:09,6,0.287,1,0
19,900,5/2/07 11:09,6,0.31,2,0
19,900,5/2/07 11:09,6,0.326,1,0
19,900,5/2/07 11:09,8,0.134,1,1
19,900,5/2/07 11:09,8,0.232,1,1
19,900,5/2/07 11:09,8,0.264,1,1
19,900,5/2/07 11:09,8,0.272,2,1
19,900,5/2/07 11:09,8,1.737,1,1
19,900,5/2/07 11:10,6,0.525,1,0
19,900,5/2/07 11:10,8,7.42,2,0
20,100,5/19/07 10:30,6,1.213,-1,0
20,100,5/19/07 10:30,6,1.302,-1,0
20,100,5/19/07 10:30,6,1.782,2,1
20,100,5/19/07 10:30,8,0.872,-1,0
20,100,5/19/07 10:30,8,18.545,2,0
20,100,5/19/07 10:30,8,1.911,-1,0
20,100,5/19/07 10:31,4,1.47,2,1
20,100,5/19/07 10:31,4,1.598,1,1
20,100,5/19/07 10:31,4,1.763,2,1
20,100,5/19/07 10:31,4,2.053,2,1
20,100,5/19/07 10:31,4,2.397,1,0
20,100,5/19/07 10:31,4,3.046,1,1
20,100,5/19/07 10:31,6,0.561,1,1
20,100,5/19/07 10:31,6,1.226,2,1
20,100,5/19/07 10:31,6,1.996,2,1
20,100,5/19/07 10:31,8,2.267,1,0
20,100,5/19/07 10:32,4,0.644,2,1
20,100,5/19/07 10:32,4,1.139,1,1
20,100,5/19/07 10:32,4,1.14,1,1
20,100,5/19/07 10:32,4,1.351,2,1
20,100,5/19/07 10:32,4,1.604,1,1
20,100,5/19/07 10:32,4,2.536,1,0
20,100,5/19/07 10:32,6,0.182,1,1
20,100,5/19/07 10:32,6,0.43,1,1
20,100,5/19/07 10:32,6,0.97,2,1
20,100,5/19/07 10:32,6,0.973,2,1
20,100,5/19/07 10:32,6,1.698,1,1
20,100,5/19/07 10:32,8,0.605,1,1
20,100,5/19/07 10:32,8,1.642,1,1
20,100,5/19/07 10:33,6,0.487,2,0
21,300,5/19/07 10:47,4,2.829,1,1
21,300,5/19/07 10:47,6,0.765,1,1
21,300,5/19/07 10:47,6,12.19,2,1
21,300,5/19/07 10:47,6,2.29,1,1
21,300,5/19/07 10:47,6,3.806,2,1
21,300,5/19/07 10:47,6,8.412,1,1
21,300,5/19/07 10:47,8,0.904,2,1
21,300,5/19/07 10:47,8,4.153,1,1
21,300,5/19/07 10:48,4,0.726,2,1
21,300,5/19/07 10:48,4,0.754,2,1
21,300,5/19/07 10:48,4,0.927,1,1
21,300,5/19/07 10:48,6,0.443,1,0
21,300,5/19/07 10:48,6,0.591,1,1
21,300,5/19/07 10:48,6,3.097,2,1
21,300,5/19/07 10:48,8,0.534,1,0
21,300,5/19/07 10:48,8,0.653,2,1
21,300,5/19/07 10:48,8,0.875,2,0
21,300,5/19/07 10:48,8,0.951,1,1
21,300,5/19/07 10:48,8,0.965,2,0
21,300,5/19/07 10:48,8,1.674,1,0
21,300,5/19/07 10:49,4,1.278,2,1
21,300,5/19/07 10:49,4,4.06,2,1
21,300,5/19/07 10:49,4,5.049,1,1
21,300,5/19/07 10:49,6,0.737,1,1
21,300,5/19/07 10:49,6,0.812,1,1
21,300,5/19/07 10:49,6,1.286,2,1
21,300,5/19/07 10:49,6,1.529,2,1
21,300,5/19/07 10:49,8,0.496,2,1
21,300,5/19/07 10:49,8,0.651,1,0
21,300,5/19/07 10:49,8,1.774,2,1
22,600,5/19/07 11:00,8,1.967,2,0
22,600,5/19/07 11:01,4,0.711,1,0
22,600,5/19/07 11:01,4,1.072,2,1
22,600,5/19/07 11:01,6,0.168,2,1
22,600,5/19/07 11:01,6,0.524,2,1
22,600,5/19/07 11:01,6,0.708,1,1
22,600,5/19/07 11:01,8,0.347,1,1
22,600,5/19/07 11:01,8,0.39,2,1
22,600,5/19/07 11:01,8,0.426,1,1
22,600,5/19/07 11:01,8,0.46,1,0
22,600,5/19/07 11:01,8,0.605,2,0
22,600,5/19/07 11:01,8,0.688,2,1
22,600,5/19/07 11:01,8,0.895,1,1
22,600,5/19/07 11:01,8,2.181,1,0
22,600,5/19/07 11:02,4,0.236,2,1
22,600,5/19/07 11:02,4,0.356,2,1
22,600,5/19/07 11:02,4,0.457,1,1
22,600,5/19/07 11:02,4,0.555,2,1
22,600,5/19/07 11:02,4,1.765,2,0
22,600,5/19/07 11:02,6,0.275,1,1
22,600,5/19/07 11:02,6,0.432,2,1
22,600,5/19/07 11:02,6,0.464,2,0
22,600,5/19/07 11:02,8,0.244,1,0
22,600,5/19/07 11:02,8,0.509,1,0
22,600,5/19/07 11:02,8,0.553,1,0
22,600,5/19/07 11:02,8,0.923,1,1
22,600,5/19/07 11:02,8,3.292,2,1
22,600,5/19/07 11:03,6,0.172,1,1
22,600,5/19/07 11:03,8,0.336,2,0
22,600,5/19/07 11:03,8,1.294,1,1
23,900,5/19/07 11:20,4,1.17,1,1
23,900,5/19/07 11:20,8,0.694,2,1
23,900,5/19/07 11:21,4,0.86,2,0
23,900,5/19/07 11:21,4,0.902,2,0
23,900,5/19/07 11:21,4,0.96,1,0
23,900,5/19/07 11:21,4,0.981,2,1
23,900,5/19/07 11:21,4,1.076,2,1
23,900,5/19/07 11:21,4,1.339,2,0
23,900,5/19/07 11:21,4,2.829,1,0
23,900,5/19/07 11:21,6,0.363,1,1
23,900,5/19/07 11:21,6,0.449,2,1
23,900,5/19/07 11:21,6,0.461,1,1
23,900,5/19/07 11:21,6,0.752,2,1
23,900,5/19/07 11:21,8,0.352,1,1
23,900,5/19/07 11:21,8,0.44,2,1
23,900,5/19/07 11:22,4,0.388,2,0
23,900,5/19/07 11:22,4,0.632,2,1
23,900,5/19/07 11:22,4,0.853,2,1
23,900,5/19/07 11:22,4,1.138,2,1
23,900,5/19/07 11:22,6,0.253,2,1
23,900,5/19/07 11:22,6,0.307,2,1
23,900,5/19/07 11:22,6,0.315,1,1
23,900,5/19/07 11:22,6,0.544,2,0
23,900,5/19/07 11:22,6,0.666,1,1
23,900,5/19/07 11:22,6,0.759,1,0
23,900,5/19/07 11:22,8,0.32,1,0
23,900,5/19/07 11:22,8,0.429,2,1
23,900,5/19/07 11:22,8,0.497,1,1
23,900,5/19/07 11:22,8,0.585,2,1
23,900,5/19/07 11:23,4,0.704,1,1
24,300,5/19/07 11:45,4,0.242,1,1
24,300,5/19/07 11:45,4,0.38,2,1
24,300,5/19/07 11:45,4,0.548,1,0
24,300,5/19/07 11:45,4,1.378,2,1
24,300,5/19/07 11:45,4,2.488,2,0
24,300,5/19/07 11:45,4,2.496,1,1
24,300,5/19/07 11:45,6,0.561,2,1
24,300,5/19/07 11:45,6,1.874,2,1
24,300,5/19/07 11:45,8,0.26,1,0
24,300,5/19/07 11:45,8,0.642,2,0
24,300,5/19/07 11:45,8,1.559,2,0
24,300,5/19/07 11:46,4,0.569,1,1
24,300,5/19/07 11:46,4,0.602,2,1
24,300,5/19/07 11:46,4,0.798,1,1
24,300,5/19/07 11:46,4,0.871,1,0
24,300,5/19/07 11:46,4,2.058,1,0
24,300,5/19/07 11:46,6,0.674,1,0
24,300,5/19/07 11:46,6,0.908,2,0
24,300,5/19/07 11:46,8,0.196,2,0
24,300,5/19/07 11:46,8,0.274,1,1
24,300,5/19/07 11:46,8,0.425,2,1
24,300,5/19/07 11:46,8,0.629,2,0
24,300,5/19/07 11:46,8,0.792,2,0
24,300,5/19/07 11:47,4,0.172,1,1
24,300,5/19/07 11:47,4,0.486,1,1
24,300,5/19/07 11:47,4,0.488,1,1
24,300,5/19/07 11:47,8,0.576,2,1
24,300,5/19/07 11:47,8,0.745,1,1
24,300,5/19/07 11:47,8,1.167,1,0
24,300,5/19/07 11:47,8,1.61,1,0
25,600,5/19/07 13:55,4,0.905,2,1
25,600,5/19/07 13:55,4,1.931,2,1
25,600,5/19/07 13:55,4,2.398,1,0
25,600,5/19/07 13:55,6,0.754,2,1
25,600,5/19/07 13:55,6,1.054,2,1
25,600,5/19/07 13:55,6,3.658,1,1
25,600,5/19/07 13:56,4,0.561,1,0
25,600,5/19/07 13:56,4,0.665,2,1
25,600,5/19/07 13:56,4,3,2,0
25,600,5/19/07 13:56,6,0.574,1,1
25,600,5/19/07 13:56,6,0.701,1,1
25,600,5/19/07 13:56,6,0.867,1,1
25,600,5/19/07 13:56,6,0.992,1,0
25,600,5/19/07 13:56,6,1.368,2,1
25,600,5/19/07 13:56,8,0.405,1,0
25,600,5/19/07 13:56,8,0.555,1,1
25,600,5/19/07 13:56,8,0.962,1,1
25,600,5/19/07 13:56,8,2.691,1,1
25,600,5/19/07 13:57,4,0.951,1,1
25,600,5/19/07 13:57,4,1.414,1,1
25,600,5/19/07 13:57,4,1.451,2,0
25,600,5/19/07 13:57,4,1.498,1,1
25,600,5/19/07 13:57,4,1.604,1,0
25,600,5/19/07 13:57,4,1.714,2,0
25,600,5/19/07 13:57,6,0.914,2,1
25,600,5/19/07 13:57,6,1.603,1,1
25,600,5/19/07 13:57,8,0.696,1,1
25,600,5/19/07 13:57,8,0.736,1,1
25,600,5/19/07 13:57,8,1.014,2,0
25,600,5/19/07 13:57,8,1.118,2,0
2,600,3/26/07 11:54,4,0.459,2,1
2,600,3/26/07 11:54,4,0.55,1,1
2,600,3/26/07 11:54,4,1.101,1,1
2,600,3/26/07 11:54,4,2.809,1,1
2,600,3/26/07 11:54,6,0.454,2,1
2,600,3/26/07 11:54,8,0.361,1,1
2,600,3/26/07 11:54,8,0.609,1,1
2,600,3/26/07 11:55,4,0.229,1,1
2,600,3/26/07 11:55,4,1.283,1,1
2,600,3/26/07 11:55,6,0.296,1,1
2,600,3/26/07 11:55,6,0.336,1,1
2,600,3/26/07 11:55,6,0.402,2,1
2,600,3/26/07 11:55,6,0.505,1,1
2,600,3/26/07 11:55,6,0.52,2,1
2,600,3/26/07 11:55,6,0.737,1,0
2,600,3/26/07 11:55,8,0.304,1,1
2,600,3/26/07 11:55,8,0.305,1,1
2,600,3/26/07 11:55,8,0.3,2,1
2,600,3/26/07 11:55,8,0.328,2,1
2,600,3/26/07 11:55,8,0.339,2,1
2,600,3/26/07 11:56,4,0.352,1,1
2,600,3/26/07 11:56,6,0.263,1,1
2,600,3/26/07 11:56,6,0.266,1,1
2,600,3/26/07 11:56,6,0.414,2,1
2,600,3/26/07 11:56,8,0.242,1,1
2,600,3/26/07 11:56,8,0.262,1,1
2,600,3/26/07 11:56,8,0.296,2,1
2,600,3/26/07 11:56,8,0.306,1,1
2,600,3/26/07 11:56,8,0.407,1,0
2,600,3/26/07 11:56,8,0.421,1,0
26,100,5/19/07 14:54,4,0.751,2,1
26,100,5/19/07 14:54,4,3.414,1,1
26,100,5/19/07 14:54,6,0.703,1,1
26,100,5/19/07 14:54,6,1.322,2,1
26,100,5/19/07 14:54,8,0.87,2,0
26,100,5/19/07 14:54,8,1.251,1,1
26,100,5/19/07 14:55,4,0.548,1,1
26,100,5/19/07 14:55,4,0.698,1,1
26,100,5/19/07 14:55,4,0.931,1,0
26,100,5/19/07 14:55,6,0.328,1,1
26,100,5/19/07 14:55,6,0.477,1,0
26,100,5/19/07 14:55,6,0.511,1,0
26,100,5/19/07 14:55,6,0.607,1,1
26,100,5/19/07 14:55,6,3.398,1,1
26,100,5/19/07 14:55,8,0.771,1,1
26,100,5/19/07 14:55,8,2.181,2,1
26,100,5/19/07 14:55,8,2.495,1,0
26,100,5/19/07 14:55,8,2.738,2,0
26,100,5/19/07 14:56,4,1.546,1,0
26,100,5/19/07 14:56,4,2.282,1,0
26,100,5/19/07 14:56,6,0.577,1,0
26,100,5/19/07 14:56,6,1.131,2,1
26,100,5/19/07 14:56,6,3.082,1,1
26,100,5/19/07 14:56,6,3.915,2,1
26,100,5/19/07 14:56,6,4.612,2,1
26,100,5/19/07 14:56,8,0.447,2,1
26,100,5/19/07 14:56,8,1.187,1,1
26,100,5/19/07 14:56,8,1.945,1,1
26,100,5/19/07 14:57,4,2.522,2,1
26,100,5/19/07 14:57,8,0.68,1,1
27,100,5/19/07 15:03,8,0.708,1,1
27,100,5/19/07 15:04,4,0.306,2,1
27,100,5/19/07 15:04,4,0.442,2,0
27,100,5/19/07 15:04,4,0.486,2,1
27,100,5/19/07 15:04,4,0.565,2,0
27,100,5/19/07 15:04,4,0.684,2,1
27,100,5/19/07 15:04,4,0.739,2,1
27,100,5/19/07 15:04,6,0.262,2,0
27,100,5/19/07 15:04,6,0.382,2,1
27,100,5/19/07 15:04,6,0.481,2,1
27,100,5/19/07 15:04,8,0.294,1,1
27,100,5/19/07 15:04,8,0.306,1,0
27,100,5/19/07 15:04,8,0.314,1,1
27,100,5/19/07 15:04,8,0.322,1,0
27,100,5/19/07 15:04,8,0.422,1,1
27,100,5/19/07 15:05,4,0.239,2,1
27,100,5/19/07 15:05,4,0.298,2,1
27,100,5/19/07 15:05,4,0.396,2,1
27,100,5/19/07 15:05,6,0.307,2,1
27,100,5/19/07 15:05,6,0.32,2,1
27,100,5/19/07 15:05,6,0.407,2,1
27,100,5/19/07 15:05,6,0.408,1,0
27,100,5/19/07 15:05,6,0.441,2,0
27,100,5/19/07 15:05,6,0.774,2,1
27,100,5/19/07 15:05,8,0.177,1,0
27,100,5/19/07 15:05,8,0.184,2,0
27,100,5/19/07 15:05,8,0.304,1,0
27,100,5/19/07 15:05,8,0.307,1,1
27,100,5/19/07 15:05,8,0.37,1,1
27,100,5/19/07 15:06,6,0.667,2,1
28,100,5/19/07 15:04,4,2.561,-1,0
28,100,5/19/07 15:05,4,2.726,2,0
28,100,5/19/07 15:05,6,0.846,1,1
28,100,5/19/07 15:05,6,0.868,1,1
28,100,5/19/07 15:05,6,1.07,1,1
28,100,5/19/07 15:05,6,1.579,2,1
28,100,5/19/07 15:05,8,0.773,2,0
28,100,5/19/07 15:05,8,0.791,1,1
28,100,5/19/07 15:05,8,0.899,1,1
28,100,5/19/07 15:05,8,10.097,2,0
28,100,5/19/07 15:05,8,2.168,1,1
28,100,5/19/07 15:05,8,6.297,1,1
28,100,5/19/07 15:06,4,0.642,1,1
28,100,5/19/07 15:06,4,0.888,1,0
28,100,5/19/07 15:06,4,2.94,1,1
28,100,5/19/07 15:06,6,0.465,2,1
28,100,5/19/07 15:06,6,0.493,1,0
28,100,5/19/07 15:06,6,1.245,2,1
28,100,5/19/07 15:06,6,4.112,2,1
28,100,5/19/07 15:06,8,0.635,1,0
28,100,5/19/07 15:06,8,1.178,1,0
28,100,5/19/07 15:06,8,1.413,1,0
28,100,5/19/07 15:06,8,2.974,1,1
28,100,5/19/07 15:07,4,0.823,1,0
28,100,5/19/07 15:07,6,0.754,2,1
28,100,5/19/07 15:07,6,1.102,2,1
28,100,5/19/07 15:07,6,1.544,1,0
28,100,5/19/07 15:07,6,1.898,2,1
28,100,5/19/07 15:07,8,0.347,1,1
28,100,5/19/07 15:07,8,2.436,1,1
29,100,5/20/07 10:33,4,0.996,1,1
29,100,5/20/07 10:33,4,3.887,2,1
29,100,5/20/07 10:33,6,1.198,1,0
29,100,5/20/07 10:33,6,1.34,1,0
29,100,5/20/07 10:33,6,2.082,1,0
29,100,5/20/07 10:33,6,3.402,1,0
29,100,5/20/07 10:33,8,1.377,2,1
29,100,5/20/07 10:33,8,1.639,1,1
29,100,5/20/07 10:33,8,2.813,1,1
29,100,5/20/07 10:34,4,0.78,1,1
29,100,5/20/07 10:34,4,1.16,2,0
29,100,5/20/07 10:34,4,1.196,2,1
29,100,5/20/07 10:34,4,1.454,2,1
29,100,5/20/07 10:34,4,1.896,2,1
29,100,5/20/07 10:34,6,0.376,1,1
29,100,5/20/07 10:34,6,1.513,2,0
29,100,5/20/07 10:34,6,2.106,2,1
29,100,5/20/07 10:34,6,2.234,2,0
29,100,5/20/07 10:34,8,0.425,1,1
29,100,5/20/07 10:34,8,0.461,1,1
29,100,5/20/07 10:34,8,0.877,1,1
29,100,5/20/07 10:35,4,0.753,1,0
29,100,5/20/07 10:35,4,1.208,2,1
29,100,5/20/07 10:35,4,2.645,2,1
29,100,5/20/07 10:35,6,0.39,1,1
29,100,5/20/07 10:35,6,0.925,1,0
29,100,5/20/07 10:35,6,1.029,1,1
29,100,5/20/07 10:35,6,1.094,2,1
29,100,5/20/07 10:35,6,1.202,2,1
29,100,5/20/07 10:35,8,1.059,2,1
30,100,5/20/07 10:36,4,0.881,1,1
30,100,5/20/07 10:36,4,1.571,1,1
30,100,5/20/07 10:36,4,3.261,2,1
30,100,5/20/07 10:36,6,1.926,2,1
30,100,5/20/07 10:36,6,2.4,1,1
30,100,5/20/07 10:36,6,3.062,1,1
30,100,5/20/07 10:36,6,3.823,2,1
30,100,5/20/07 10:36,8,7.54,1,0
30,100,5/20/07 10:37,4,1.767,1,1
30,100,5/20/07 10:37,6,0.711,1,1
30,100,5/20/07 10:37,6,1.111,1,1
30,100,5/20/07 10:37,6,3.914,1,1
30,100,5/20/07 10:37,6,4.459,1,0
30,100,5/20/07 10:37,8,1.094,2,1
30,100,5/20/07 10:37,8,1.263,2,1
30,100,5/20/07 10:37,8,1.555,2,1
30,100,5/20/07 10:37,8,1.966,1,1
30,100,5/20/07 10:37,8,2.79,2,0
30,100,5/20/07 10:38,4,3.005,2,1
30,100,5/20/07 10:38,4,3.111,2,0
30,100,5/20/07 10:38,6,0.978,1,1
30,100,5/20/07 10:38,6,6.499,1,0
30,100,5/20/07 10:38,8,0.774,2,0
30,100,5/20/07 10:38,8,1.24,1,1
30,100,5/20/07 10:38,8,1.382,1,1
30,100,5/20/07 10:38,8,1.446,2,1
30,100,5/20/07 10:38,8,2.456,1,1
30,100,5/20/07 10:38,8,3.048,1,1
30,100,5/20/07 10:39,4,1.936,2,1
30,100,5/20/07 10:39,6,0.993,1,1
31,48,5/20/07 11:12,4,0.985,2,0
31,48,5/20/07 11:12,4,1.068,2,0
31,48,5/20/07 11:12,4,4.248,2,1
31,48,5/20/07 11:12,6,1.321,1,1
31,48,5/20/07 11:12,6,1.718,2,1
31,48,5/20/07 11:12,6,3.428,2,0
31,48,5/20/07 11:12,8,1.81,2,1
31,48,5/20/07 11:12,8,9.105,1,0
31,48,5/20/07 11:13,4,0.608,2,0
31,48,5/20/07 11:13,4,0.738,2,1
31,48,5/20/07 11:13,4,0.763,2,1
31,48,5/20/07 11:13,4,1.121,2,0
31,48,5/20/07 11:13,4,1.285,1,0
31,48,5/20/07 11:13,4,2.022,1,1
31,48,5/20/07 11:13,4,2.288,2,0
31,48,5/20/07 11:13,6,0.935,1,0
31,48,5/20/07 11:13,6,1.067,2,0
31,48,5/20/07 11:13,6,1.116,2,1
31,48,5/20/07 11:13,8,0.9,2,0
31,48,5/20/07 11:13,8,1.392,1,1
31,48,5/20/07 11:14,4,0.348,1,0
31,48,5/20/07 11:14,4,0.422,2,1
31,48,5/20/07 11:14,4,0.711,2,0
31,48,5/20/07 11:14,4,1.311,2,0
31,48,5/20/07 11:14,6,0.717,1,0
31,48,5/20/07 11:14,6,1.918,1,0
31,48,5/20/07 11:14,6,2.057,2,0
31,48,5/20/07 11:14,8,0.701,1,1
31,48,5/20/07 11:14,8,1.109,2,1
31,48,5/20/07 11:14,8,3.231,2,1
32,48,5/20/07 12:31,4,2.35,2,0
32,48,5/20/07 12:31,6,0.944,1,0
32,48,5/20/07 12:31,6,1.048,2,1
32,48,5/20/07 12:31,6,1.313,1,0
32,48,5/20/07 12:31,8,0.61,2,1
32,48,5/20/07 12:32,4,0.532,2,1
32,48,5/20/07 12:32,4,0.763,1,1
32,48,5/20/07 12:32,4,1.175,2,1
32,48,5/20/07 12:32,6,0.553,1,0
32,48,5/20/07 12:32,6,0.898,1,0
32,48,5/20/07 12:32,6,1.034,1,1
32,48,5/20/07 12:32,6,1.395,2,0
32,48,5/20/07 12:32,8,0.508,2,1
32,48,5/20/07 12:32,8,0.561,1,1
32,48,5/20/07 12:32,8,0.576,1,0
32,48,5/20/07 12:32,8,0.66,2,0
32,48,5/20/07 12:32,8,0.676,1,1
32,48,5/20/07 12:32,8,0.693,1,1
32,48,5/20/07 12:33,4,0.486,2,1
32,48,5/20/07 12:33,4,1.297,1,1
32,48,5/20/07 12:33,4,2.178,2,1
32,48,5/20/07 12:33,6,0.345,2,1
32,48,5/20/07 12:33,6,0.888,2,0
32,48,5/20/07 12:33,8,0.371,2,1
32,48,5/20/07 12:33,8,0.492,2,1
32,48,5/20/07 12:33,8,0.529,1,1
32,48,5/20/07 12:33,8,0.53,1,1
32,48,5/20/07 12:33,8,0.981,2,1
32,48,5/20/07 12:33,8,1.103,2,0
32,48,5/20/07 12:33,8,1.647,2,0
33,48,5/20/07 12:37,4,0.872,1,1
33,48,5/20/07 12:37,6,3.199,2,0
33,48,5/20/07 12:37,8,2.209,2,1
33,48,5/20/07 12:38,4,0.373,2,1
33,48,5/20/07 12:38,4,0.415,1,0
33,48,5/20/07 12:38,4,0.558,1,0
33,48,5/20/07 12:38,4,0.649,2,1
33,48,5/20/07 12:38,4,2.066,1,0
33,48,5/20/07 12:38,6,0.497,2,1
33,48,5/20/07 12:38,6,0.968,2,1
33,48,5/20/07 12:38,6,1.452,1,1
33,48,5/20/07 12:38,8,0.772,2,1
33,48,5/20/07 12:38,8,0.817,2,1
33,48,5/20/07 12:38,8,1.158,2,1
33,48,5/20/07 12:38,8,1.727,1,1
33,48,5/20/07 12:39,4,0.274,2,0
33,48,5/20/07 12:39,4,0.294,2,0
33,48,5/20/07 12:39,4,0.565,1,0
33,48,5/20/07 12:39,4,1.637,1,0
33,48,5/20/07 12:39,4,1.815,2,0
33,48,5/20/07 12:39,6,0.486,2,0
33,48,5/20/07 12:39,6,0.634,2,1
33,48,5/20/07 12:39,6,0.737,1,1
33,48,5/20/07 12:39,8,0.463,2,1
33,48,5/20/07 12:39,8,0.511,2,1
33,48,5/20/07 12:39,8,0.702,2,0
33,48,5/20/07 12:39,8,1.612,1,1
33,48,5/20/07 12:40,6,0.787,1,1
33,48,5/20/07 12:40,8,0.442,1,0
33,48,5/20/07 12:40,8,0.445,2,0
34,48,5/20/07 13:24,6,5.782,1,1
34,48,5/20/07 13:25,4,0.674,2,1
34,48,5/20/07 13:25,4,0.729,2,1
34,48,5/20/07 13:25,4,0.737,2,1
34,48,5/20/07 13:25,6,0.707,1,1
34,48,5/20/07 13:25,6,1.637,1,1
34,48,5/20/07 13:25,6,6.395,1,1
34,48,5/20/07 13:25,8,0.654,1,1
34,48,5/20/07 13:25,8,3.118,1,1
34,48,5/20/07 13:25,8,6.38,1,1
34,48,5/20/07 13:26,4,0.217,2,1
34,48,5/20/07 13:26,4,0.317,2,1
34,48,5/20/07 13:26,4,0.613,1,1
34,48,5/20/07 13:26,6,0.25,1,0
34,48,5/20/07 13:26,6,0.481,1,0
34,48,5/20/07 13:26,6,0.536,1,0
34,48,5/20/07 13:26,6,1.104,2,0
34,48,5/20/07 13:26,6,2.706,2,0
34,48,5/20/07 13:26,8,0.427,1,1
34,48,5/20/07 13:26,8,0.552,1,0
34,48,5/20/07 13:26,8,0.565,2,1
34,48,5/20/07 13:26,8,1.101,1,0
34,48,5/20/07 13:26,8,1.44,1,1
34,48,5/20/07 13:27,4,0.702,1,0
34,48,5/20/07 13:27,4,1.618,1,1
34,48,5/20/07 13:27,6,0.267,1,0
34,48,5/20/07 13:27,6,3.177,1,0
34,48,5/20/07 13:27,8,0.127,1,1
34,48,5/20/07 13:27,8,0.248,2,1
34,48,5/20/07 13:27,8,0.737,1,1
35,48,5/20/07 13:26,4,0.839,1,0
35,48,5/20/07 13:26,4,2.707,1,1
35,48,5/20/07 13:26,6,0.556,1,0
35,48,5/20/07 13:26,6,0.692,1,1
35,48,5/20/07 13:26,6,0.789,1,0
35,48,5/20/07 13:26,6,0.876,2,0
35,48,5/20/07 13:26,6,1.606,2,1
35,48,5/20/07 13:26,8,0.396,1,0
35,48,5/20/07 13:26,8,1.089,1,1
35,48,5/20/07 13:26,8,2.831,1,0
35,48,5/20/07 13:27,4,0.806,1,0
35,48,5/20/07 13:27,4,1.694,1,1
35,48,5/20/07 13:27,6,0.387,1,0
35,48,5/20/07 13:27,6,0.612,2,0
35,48,5/20/07 13:27,8,0.687,1,1
35,48,5/20/07 13:27,8,0.809,1,1
35,48,5/20/07 13:27,8,0.907,1,1
35,48,5/20/07 13:27,8,1.035,1,1
35,48,5/20/07 13:27,8,1.615,2,0
35,48,5/20/07 13:27,8,2.638,1,0
35,48,5/20/07 13:27,8,3.878,2,1
35,48,5/20/07 13:28,4,1.486,2,0
35,48,5/20/07 13:28,4,1.522,2,0
35,48,5/20/07 13:28,6,1.147,1,1
35,48,5/20/07 13:28,6,3.541,1,1
35,48,5/20/07 13:28,6,4.112,2,1
35,48,5/20/07 13:28,6,4.886,2,1
35,48,5/20/07 13:28,8,0.301,1,0
35,48,5/20/07 13:28,8,1.601,2,0
35,48,5/20/07 13:28,8,2.608,2,1
36,48,5/20/07 13:32,4,0.863,1,1
36,48,5/20/07 13:32,4,2.73,2,1
36,48,5/20/07 13:32,6,0.65,1,0
36,48,5/20/07 13:32,8,1.246,1,0
36,48,5/20/07 13:33,4,0.48,1,1
36,48,5/20/07 13:33,4,1.412,1,1
36,48,5/20/07 13:33,4,1.771,1,0
36,48,5/20/07 13:33,4,2.274,2,1
36,48,5/20/07 13:33,4,3.046,1,0
36,48,5/20/07 13:33,4,4.075,2,1
36,48,5/20/07 13:33,6,0.826,2,0
36,48,5/20/07 13:33,8,0.74,2,0
36,48,5/20/07 13:33,8,1.227,1,1
36,48,5/20/07 13:33,8,2.256,1,0
36,48,5/20/07 13:34,4,0.584,1,0
36,48,5/20/07 13:34,4,0.786,1,1
36,48,5/20/07 13:34,4,0.821,2,1
36,48,5/20/07 13:34,4,1.742,2,1
36,48,5/20/07 13:34,4,2.89,1,0
36,48,5/20/07 13:34,6,0.54,1,1
36,48,5/20/07 13:34,6,0.919,1,1
36,48,5/20/07 13:34,6,2.38,2,1
36,48,5/20/07 13:34,8,0.415,2,0
36,48,5/20/07 13:34,8,1.748,1,0
36,48,5/20/07 13:34,8,1.948,2,0
36,48,5/20/07 13:34,8,2.411,1,1
36,48,5/20/07 13:35,4,1.022,2,0
36,48,5/20/07 13:35,6,1.021,1,1
36,48,5/20/07 13:35,6,1.722,2,1
36,48,5/20/07 13:35,8,2.225,1,0
37,1200,5/20/07 13:57,4,0.357,2,0
37,1200,5/20/07 13:57,4,0.53,1,1
37,1200,5/20/07 13:57,4,0.662,1,1
37,1200,5/20/07 13:57,4,0.892,1,1
37,1200,5/20/07 13:57,6,0.268,1,1
37,1200,5/20/07 13:57,6,0.336,1,1
37,1200,5/20/07 13:57,6,0.418,2,1
37,1200,5/20/07 13:57,6,0.512,2,1
37,1200,5/20/07 13:57,6,1.824,1,1
37,1200,5/20/07 13:57,8,0.309,1,1
37,1200,5/20/07 13:57,8,0.407,2,0
37,1200,5/20/07 13:57,8,0.634,2,1
37,1200,5/20/07 13:57,8,1.327,2,1
37,1200,5/20/07 13:58,4,0.381,2,1
37,1200,5/20/07 13:58,4,0.453,2,0
37,1200,5/20/07 13:58,4,0.87,1,0
37,1200,5/20/07 13:58,4,2.181,2,0
37,1200,5/20/07 13:58,6,0.268,2,1
37,1200,5/20/07 13:58,6,0.303,1,1
37,1200,5/20/07 13:58,6,0.326,2,1
37,1200,5/20/07 13:58,6,0.362,2,1
37,1200,5/20/07 13:58,8,0.194,1,0
37,1200,5/20/07 13:58,8,0.303,1,1
37,1200,5/20/07 13:58,8,0.393,1,0
37,1200,5/20/07 13:58,8,0.439,2,1
37,1200,5/20/07 13:58,8,1.232,2,0
37,1200,5/20/07 13:59,4,2.422,2,0
37,1200,5/20/07 13:59,8,0.348,1,1
37,1200,5/20/07 13:59,8,0.466,2,1
37,1200,5/20/07 13:59,8,0.654,1,0
38,1200,5/20/07 14:48,4,0.437,2,1
38,1200,5/20/07 14:48,6,0.423,2,1
38,1200,5/20/07 14:48,6,1.232,2,1
38,1200,5/20/07 14:48,8,0.77,2,1
38,1200,5/20/07 14:48,8,2.135,2,1
38,1200,5/20/07 14:49,4,0.584,1,1
38,1200,5/20/07 14:49,4,0.697,2,1
38,1200,5/20/07 14:49,6,0.286,1,1
38,1200,5/20/07 14:49,6,0.345,2,1
38,1200,5/20/07 14:49,6,0.368,2,0
38,1200,5/20/07 14:49,6,0.435,2,1
38,1200,5/20/07 14:49,6,0.48,1,1
38,1200,5/20/07 14:49,6,0.712,1,1
38,1200,5/20/07 14:49,8,0.114,1,1
38,1200,5/20/07 14:49,8,0.164,1,1
38,1200,5/20/07 14:49,8,0.171,1,1
38,1200,5/20/07 14:49,8,0.195,2,1
38,1200,5/20/07 14:49,8,0.453,1,1
38,1200,5/20/07 14:50,4,0.22,1,1
38,1200,5/20/07 14:50,4,0.231,2,1
38,1200,5/20/07 14:50,4,0.376,1,1
38,1200,5/20/07 14:50,6,0.288,2,1
38,1200,5/20/07 14:50,6,0.372,2,0
38,1200,5/20/07 14:50,6,0.383,1,1
38,1200,5/20/07 14:50,8,0.177,2,1
38,1200,5/20/07 14:50,8,0.225,2,1
38,1200,5/20/07 14:50,8,0.437,1,1
38,1200,5/20/07 14:50,8,0.447,2,0
38,1200,5/20/07 14:50,8,0.525,2,1
38,1200,5/20/07 14:50,8,0.695,2,1
3,900,3/27/07 13:41,4,0.217,1,0
3,900,3/27/07 13:41,4,0.231,2,1
3,900,3/27/07 13:41,4,0.258,1,1
3,900,3/27/07 13:41,4,1.703,2,1
3,900,3/27/07 13:41,6,0.117,2,1
3,900,3/27/07 13:41,6,0.17,1,0
3,900,3/27/07 13:41,6,0.181,2,0
3,900,3/27/07 13:41,6,0.276,2,0
3,900,3/27/07 13:41,6,0.29,2,1
3,900,3/27/07 13:41,6,0.636,1,1
3,900,3/27/07 13:41,8,0.06,1,0
3,900,3/27/07 13:41,8,0.174,1,1
3,900,3/27/07 13:41,8,0.214,1,0
3,900,3/27/07 13:41,8,0.313,2,1
3,900,3/27/07 13:42,4,0.378,1,1
3,900,3/27/07 13:42,4,0.403,2,1
3,900,3/27/07 13:42,4,0.538,1,1
3,900,3/27/07 13:42,6,0.149,1,0
3,900,3/27/07 13:42,6,0.242,2,0
3,900,3/27/07 13:42,6,0.34,2,1
3,900,3/27/07 13:42,6,0.588,2,0
3,900,3/27/07 13:42,6,0.799,1,0
3,900,3/27/07 13:42,8,0.158,2,1
3,900,3/27/07 13:42,8,0.164,1,1
3,900,3/27/07 13:42,8,0.169,1,0
3,900,3/27/07 13:42,8,0.24,1,0
3,900,3/27/07 13:42,8,0.359,2,0
3,900,3/27/07 13:42,8,0.483,2,1
3,900,3/27/07 13:43,4,0.099,1,1
3,900,3/27/07 13:43,8,0.354,2,1
39,1200,5/20/07 15:02,4,1.066,2,1
39,1200,5/20/07 15:02,4,6.069,1,0
39,1200,5/20/07 15:02,6,2.312,2,1
39,1200,5/20/07 15:02,8,0.954,2,1
39,1200,5/20/07 15:02,8,1.971,2,1
39,1200,5/20/07 15:03,4,0.33,1,1
39,1200,5/20/07 15:03,4,0.756,2,0
39,1200,5/20/07 15:03,4,2.784,2,1
39,1200,5/20/07 15:03,6,0.644,1,1
39,1200,5/20/07 15:03,6,0.843,2,1
39,1200,5/20/07 15:03,6,0.949,2,1
39,1200,5/20/07 15:03,6,1.079,1,1
39,1200,5/20/07 15:03,6,1.225,2,1
39,1200,5/20/07 15:03,8,0.605,2,1
39,1200,5/20/07 15:03,8,0.671,1,1
39,1200,5/20/07 15:03,8,6.518,2,0
39,1200,5/20/07 15:04,4,0.423,2,1
39,1200,5/20/07 15:04,4,0.971,1,1
39,1200,5/20/07 15:04,4,1.501,2,1
39,1200,5/20/07 15:04,4,2.532,1,0
39,1200,5/20/07 15:04,6,0.367,2,1
39,1200,5/20/07 15:04,6,0.508,2,1
39,1200,5/20/07 15:04,6,0.55,2,1
39,1200,5/20/07 15:04,6,1.679,1,1
39,1200,5/20/07 15:04,8,0.552,2,0
39,1200,5/20/07 15:04,8,0.575,2,1
39,1200,5/20/07 15:04,8,1.341,2,1
39,1200,5/20/07 15:04,8,2.495,2,0
39,1200,5/20/07 15:05,4,0.296,1,1
39,1200,5/20/07 15:05,8,3.825,1,0
40A,48,11/4/07 10:21,8,1.995,-1,0
40A,48,11/4/07 10:22,4,2.141,1,0
40A,48,11/4/07 10:22,4,4.592,2,0
40A,48,11/4/07 10:22,4,4.962,1,0
40A,48,11/4/07 10:22,4,6.878,2,1
40A,48,11/4/07 10:22,6,2.969,2,1
40A,48,11/4/07 10:22,6,8.351,1,1
40A,48,11/4/07 10:22,8,4.786,2,1
40A,48,11/4/07 10:23,4,1.297,2,0
40A,48,11/4/07 10:23,4,1.49,1,1
40A,48,11/4/07 10:23,4,6.202,1,0
40A,48,11/4/07 10:23,6,1.299,1,0
40A,48,11/4/07 10:23,6,1.915,1,0
40A,48,11/4/07 10:23,6,2.216,2,0
40A,48,11/4/07 10:23,6,2.573,1,1
40A,48,11/4/07 10:23,6,3.228,1,0
40A,48,11/4/07 10:23,8,0.752,2,0
40A,48,11/4/07 10:23,8,2.794,2,0
40A,48,11/4/07 10:24,4,0.558,2,1
40A,48,11/4/07 10:24,4,0.629,2,1
40A,48,11/4/07 10:24,4,0.676,2,0
40A,48,11/4/07 10:24,4,0.871,2,0
40A,48,11/4/07 10:24,4,1.198,2,1
40A,48,11/4/07 10:24,4,2.872,2,0
40A,48,11/4/07 10:24,6,8.187,2,0
40A,48,11/4/07 10:24,8,0.948,2,1
40A,48,11/4/07 10:24,8,2.61,1,1
40A,48,11/4/07 10:24,8,5.966,2,1
40A,48,11/4/07 10:25,4,0.721,2,1
40A,48,11/4/07 10:25,4,3.394,1,1
41,100,9/22/07 14:39,4,1.49,1,0
41,100,9/22/07 14:39,4,4.335,1,0
41,100,9/22/07 14:39,6,0.155,1,1
41,100,9/22/07 14:39,6,2.41,2,0
41,100,9/22/07 14:39,8,1.973,1,1
41,100,9/22/07 14:39,8,3.842,1,0
41,100,9/22/07 14:40,4,0.724,1,0
41,100,9/22/07 14:40,4,2.205,2,0
41,100,9/22/07 14:40,4,4.3,1,0
41,100,9/22/07 14:40,6,1.237,2,1
41,100,9/22/07 14:40,6,2.407,2,1
41,100,9/22/07 14:40,8,0.541,1,0
41,100,9/22/07 14:40,8,0.689,2,0
41,100,9/22/07 14:40,8,0.985,1,1
41,100,9/22/07 14:40,8,1.618,2,1
41,100,9/22/07 14:40,8,2.522,2,1
41,100,9/22/07 14:41,4,0.284,1,0
41,100,9/22/07 14:41,4,0.358,2,0
41,100,9/22/07 14:41,4,1.244,1,1
41,100,9/22/07 14:41,6,0.335,2,1
41,100,9/22/07 14:41,6,0.472,2,1
41,100,9/22/07 14:41,6,0.57,1,1
41,100,9/22/07 14:41,6,1.083,1,1
41,100,9/22/07 14:41,6,1.251,1,0
41,100,9/22/07 14:41,8,0.666,2,1
41,100,9/22/07 14:41,8,2.081,1,0
41,100,9/22/07 14:41,8,3.658,1,1
41,100,9/22/07 14:41,8,4.463,2,1
41,100,9/22/07 14:42,8,0.22,1,1
41,100,9/22/07 14:42,8,0.527,2,1
42,300,9/22/07 16:33,4,0.847,1,1
42,300,9/22/07 16:33,4,1.761,2,1
42,300,9/22/07 16:33,4,5.935,2,1
42,300,9/22/07 16:33,6,1.232,2,1
42,300,9/22/07 16:33,6,1.747,2,1
42,300,9/22/07 16:33,6,2.377,2,1
42,300,9/22/07 16:33,8,1.015,2,1
42,300,9/22/07 16:33,8,2.049,2,1
42,300,9/22/07 16:34,4,0.998,1,1
42,300,9/22/07 16:34,4,1.144,1,1
42,300,9/22/07 16:34,4,1.869,1,0
42,300,9/22/07 16:34,4,2.703,1,1
42,300,9/22/07 16:34,6,0.746,1,1
42,300,9/22/07 16:34,6,1.284,1,1
42,300,9/22/07 16:34,6,1.352,1,1
42,300,9/22/07 16:34,6,1.593,1,1
42,300,9/22/07 16:34,8,0.777,2,1
42,300,9/22/07 16:34,8,0.915,2,1
42,300,9/22/07 16:34,8,1.101,2,1
42,300,9/22/07 16:34,8,1.293,1,1
42,300,9/22/07 16:35,4,0.763,1,1
42,300,9/22/07 16:35,4,0.812,1,0
42,300,9/22/07 16:35,6,0.299,1,1
42,300,9/22/07 16:35,6,15.91,1,0
42,300,9/22/07 16:35,8,0.537,1,1
42,300,9/22/07 16:35,8,0.622,1,1
42,300,9/22/07 16:35,8,0.755,1,1
42,300,9/22/07 16:35,8,0.794,1,1
42,300,9/22/07 16:35,8,1.062,2,1
42,300,9/22/07 16:36,6,1.976,2,1
4,300,3/27/07 13:56,4,0.425,2,1
4,300,3/27/07 13:56,4,0.878,2,1
4,300,3/27/07 13:56,4,1.167,2,1
4,300,3/27/07 13:56,6,0.582,2,1
4,300,3/27/07 13:56,6,0.626,1,1
4,300,3/27/07 13:56,6,0.752,2,1
4,300,3/27/07 13:56,6,0.98,1,1
4,300,3/27/07 13:56,6,2.866,2,1
4,300,3/27/07 13:56,6,3.754,2,1
4,300,3/27/07 13:56,8,0.9,1,1
4,300,3/27/07 13:56,8,5.317,2,1
4,300,3/27/07 13:57,4,0.537,1,0
4,300,3/27/07 13:57,4,0.551,1,1
4,300,3/27/07 13:57,4,0.786,2,0
4,300,3/27/07 13:57,4,0.943,1,1
4,300,3/27/07 13:57,4,1.882,2,0
4,300,3/27/07 13:57,6,0.537,2,1
4,300,3/27/07 13:57,6,0.562,2,1
4,300,3/27/07 13:57,6,0.608,2,1
4,300,3/27/07 13:57,6,0.966,1,1
4,300,3/27/07 13:57,6,1.448,1,1
4,300,3/27/07 13:57,8,0.59,2,1
4,300,3/27/07 13:57,8,0.79,1,1
4,300,3/27/07 13:57,8,2.445,2,1
4,300,3/27/07 13:58,4,0.5,2,1
4,300,3/27/07 13:58,4,1.54,1,0
4,300,3/27/07 13:58,6,2.031,1,0
4,300,3/27/07 13:58,6,4.005,1,1
4,300,3/27/07 13:58,8,0.649,2,1
4,300,3/27/07 13:58,8,2.217,2,0
43,600,9/23/07 15:09,4,0.517,1,1
43,600,9/23/07 15:09,4,0.525,2,0
43,600,9/23/07 15:09,4,0.981,2,1
43,600,9/23/07 15:09,6,0.361,1,0
43,600,9/23/07 15:09,6,0.953,1,0
43,600,9/23/07 15:09,6,2.257,2,1
43,600,9/23/07 15:09,6,3.191,1,0
43,600,9/23/07 15:09,8,0.392,2,1
43,600,9/23/07 15:09,8,0.749,1,0
43,600,9/23/07 15:10,4,0.261,2,1
43,600,9/23/07 15:10,4,0.524,2,1
43,600,9/23/07 15:10,4,1.437,2,1
43,600,9/23/07 15:10,6,0.332,1,0
43,600,9/23/07 15:10,6,0.371,1,0
43,600,9/23/07 15:10,6,0.69,2,1
43,600,9/23/07 15:10,6,1.337,1,0
43,600,9/23/07 15:10,6,2.05,2,0
43,600,9/23/07 15:10,8,0.405,1,1
43,600,9/23/07 15:10,8,0.764,1,0
43,600,9/23/07 15:10,8,0.838,1,1
43,600,9/23/07 15:10,8,1.81,2,1
43,600,9/23/07 15:11,4,0.157,2,1
43,600,9/23/07 15:11,4,0.391,2,1
43,600,9/23/07 15:11,4,0.484,2,1
43,600,9/23/07 15:11,4,0.516,1,1
43,600,9/23/07 15:11,6,0.243,2,0
43,600,9/23/07 15:11,6,0.516,2,1
43,600,9/23/07 15:11,6,0.667,1,0
43,600,9/23/07 15:11,6,1.91,2,0
43,600,9/23/07 15:11,8,0.62,1,1
44,900,9/23/07 16:07,4,0.481,1,1
44,900,9/23/07 16:07,8,0.345,2,1
44,900,9/23/07 16:07,8,1.482,2,0
44,900,9/23/07 16:07,8,1.696,1,1
44,900,9/23/07 16:08,4,0.253,1,1
44,900,9/23/07 16:08,4,0.743,2,1
44,900,9/23/07 16:08,4,1.061,1,1
44,900,9/23/07 16:08,4,3.001,2,0
44,900,9/23/07 16:08,6,0.385,1,1
44,900,9/23/07 16:08,6,0.4,1,1
44,900,9/23/07 16:08,6,0.562,1,1
44,900,9/23/07 16:08,6,1.249,1,1
44,900,9/23/07 16:08,6,1.365,1,0
44,900,9/23/07 16:08,8,0.274,2,1
44,900,9/23/07 16:08,8,0.448,1,1
44,900,9/23/07 16:08,8,2.233,2,1
44,900,9/23/07 16:09,4,0.278,1,1
44,900,9/23/07 16:09,4,0.31,1,1
44,900,9/23/07 16:09,4,0.329,2,1
44,900,9/23/07 16:09,4,0.349,2,1
44,900,9/23/07 16:09,4,0.742,1,1
44,900,9/23/07 16:09,4,1.162,1,0
44,900,9/23/07 16:09,4,2.691,2,1
44,900,9/23/07 16:09,6,0.324,2,1
44,900,9/23/07 16:09,6,0.477,1,0
44,900,9/23/07 16:09,6,0.917,2,1
44,900,9/23/07 16:09,8,0.313,1,0
44,900,9/23/07 16:09,8,0.317,2,1
44,900,9/23/07 16:09,8,1.918,2,1
44,900,9/23/07 16:10,8,0.271,1,1
45,1200,9/23/07 16:14,4,0.544,2,0
45,1200,9/23/07 16:14,4,0.84,1,0
45,1200,9/23/07 16:14,4,0.887,1,1
45,1200,9/23/07 16:14,4,1.233,2,0
45,1200,9/23/07 16:14,6,0.066,2,1
45,1200,9/23/07 16:14,6,0.316,2,1
45,1200,9/23/07 16:14,6,0.442,1,1
45,1200,9/23/07 16:14,6,0.48,1,1
45,1200,9/23/07 16:14,6,0.558,1,1
45,1200,9/23/07 16:14,6,0.753,2,0
45,1200,9/23/07 16:14,8,0.289,1,1
45,1200,9/23/07 16:14,8,0.446,1,1
45,1200,9/23/07 16:14,8,0.758,2,1
45,1200,9/23/07 16:15,4,0.105,2,1
45,1200,9/23/07 16:15,4,0.308,2,1
45,1200,9/23/07 16:15,4,0.945,1,1
45,1200,9/23/07 16:15,6,0.307,2,1
45,1200,9/23/07 16:15,6,1.303,2,1
45,1200,9/23/07 16:15,8,0.128,1,1
45,1200,9/23/07 16:15,8,0.207,1,1
45,1200,9/23/07 16:15,8,0.226,1,1
45,1200,9/23/07 16:15,8,0.249,1,1
45,1200,9/23/07 16:15,8,0.281,2,1
45,1200,9/23/07 16:15,8,0.298,2,1
45,1200,9/23/07 16:15,8,1.281,2,1
45,1200,9/23/07 16:15,8,1.798,1,0
45,1200,9/23/07 16:16,4,0.646,2,1
45,1200,9/23/07 16:16,4,2.072,1,1
45,1200,9/23/07 16:16,6,0.294,1,1
45,1200,9/23/07 16:16,6,0.534,2,1
46,48,9/23/07 15:58,4,0.784,1,0
46,48,9/23/07 15:58,6,0.821,2,1
46,48,9/23/07 15:58,6,0.921,1,1
46,48,9/23/07 15:58,6,1.051,2,1
46,48,9/23/07 15:58,6,1.305,1,1
46,48,9/23/07 15:58,6,4.216,1,0
46,48,9/23/07 15:58,8,2.556,2,1
46,48,9/23/07 15:58,8,2.571,1,0
46,48,9/23/07 15:59,4,1.644,1,1
46,48,9/23/07 15:59,4,1.788,2,0
46,48,9/23/07 15:59,4,2.874,1,1
46,48,9/23/07 15:59,4,3.557,1,1
46,48,9/23/07 15:59,6,0.917,1,1
46,48,9/23/07 15:59,6,4.941,2,1
46,48,9/23/07 15:59,8,0.745,2,1
46,48,9/23/07 15:59,8,0.859,1,1
46,48,9/23/07 15:59,8,2.491,-1,0
46,48,9/23/07 15:59,8,3.156,2,1
46,48,9/23/07 16:00,4,0.055,2,0
46,48,9/23/07 16:00,4,0.54,1,0
46,48,9/23/07 16:00,4,0.853,1,0
46,48,9/23/07 16:00,4,1.678,1,0
46,48,9/23/07 16:00,4,2.09,2,0
46,48,9/23/07 16:00,6,0.97,2,1
46,48,9/23/07 16:00,6,4.217,2,1
46,48,9/23/07 16:00,8,0.084,1,1
46,48,9/23/07 16:00,8,0.1,1,1
46,48,9/23/07 16:00,8,0.479,1,1
46,48,9/23/07 16:00,8,1.138,2,1
46,48,9/23/07 16:00,8,1.746,2,1
47,100,11/4/07 10:27,4,1.883,2,1
47,100,11/4/07 10:27,6,3.375,1,0
47,100,11/4/07 10:27,8,6.941,1,1
47,100,11/4/07 10:28,4,0.539,1,0
47,100,11/4/07 10:28,4,0.647,1,1
47,100,11/4/07 10:28,4,1.258,2,1
47,100,11/4/07 10:28,4,1.608,1,1
47,100,11/4/07 10:28,4,1.658,2,0
47,100,11/4/07 10:28,6,0.521,1,1
47,100,11/4/07 10:28,6,0.617,1,0
47,100,11/4/07 10:28,6,0.664,1,1
47,100,11/4/07 10:28,6,1.184,2,1
47,100,11/4/07 10:28,6,1.564,1,0
47,100,11/4/07 10:28,6,1.658,1,0
47,100,11/4/07 10:28,8,0.564,1,1
47,100,11/4/07 10:28,8,1.201,1,0
47,100,11/4/07 10:29,4,0.547,2,1
47,100,11/4/07 10:29,4,2.252,1,0
47,100,11/4/07 10:29,6,0.531,2,1
47,100,11/4/07 10:29,6,0.532,2,1
47,100,11/4/07 10:29,6,0.57,1,1
47,100,11/4/07 10:29,6,1.679,1,1
47,100,11/4/07 10:29,6,1.748,2,1
47,100,11/4/07 10:29,8,0.377,1,1
47,100,11/4/07 10:29,8,0.626,1,1
47,100,11/4/07 10:29,8,1.25,1,0
47,100,11/4/07 10:29,8,1.954,1,1
47,100,11/4/07 10:30,4,0.559,2,1
47,100,11/4/07 10:30,4,1.348,2,1
47,100,11/4/07 10:30,6,0.526,2,0
48,300,11/4/07 11:43,4,3.006,2,1
48,300,11/4/07 11:44,4,1.044,2,1
48,300,11/4/07 11:44,4,1.138,2,1
48,300,11/4/07 11:44,4,1.7,2,1
48,300,11/4/07 11:44,4,1.776,1,1
48,300,11/4/07 11:44,4,3.915,1,1
48,300,11/4/07 11:44,6,1.803,1,1
48,300,11/4/07 11:44,6,2.808,1,0
48,300,11/4/07 11:44,8,0.974,1,0
48,300,11/4/07 11:44,8,1.067,2,1
48,300,11/4/07 11:44,8,1.085,2,1
48,300,11/4/07 11:44,8,1.457,1,1
48,300,11/4/07 11:45,4,0.465,2,1
48,300,11/4/07 11:45,4,0.547,1,1
48,300,11/4/07 11:45,4,0.735,2,1
48,300,11/4/07 11:45,4,1.173,1,1
48,300,11/4/07 11:45,4,2.271,2,1
48,300,11/4/07 11:45,6,0.438,2,1
48,300,11/4/07 11:45,6,4.228,2,0
48,300,11/4/07 11:45,6,4.914,2,0
48,300,11/4/07 11:45,8,0.849,2,1
48,300,11/4/07 11:45,8,0.906,2,1
48,300,11/4/07 11:45,8,0.999,2,1
48,300,11/4/07 11:46,4,0.43,1,1
48,300,11/4/07 11:46,6,1.017,2,1
48,300,11/4/07 11:46,6,2.265,1,0
48,300,11/4/07 11:46,6,3.632,1,0
48,300,11/4/07 11:46,8,1.081,1,1
48,300,11/4/07 11:46,8,1.082,2,1
48,300,11/4/07 11:46,8,1.678,1,1
49,600,11/4/07 10:45,4,1.824,2,0
49,600,11/4/07 10:46,4,0.895,1,1
49,600,11/4/07 10:46,4,1.016,2,0
49,600,11/4/07 10:46,4,1.174,1,1
49,600,11/4/07 10:46,4,1.464,1,0
49,600,11/4/07 10:46,6,0.825,1,1
49,600,11/4/07 10:46,6,0.983,2,1
49,600,11/4/07 10:46,6,1.484,1,0
49,600,11/4/07 10:46,6,1.541,2,0
49,600,11/4/07 10:46,8,0.264,1,1
49,600,11/4/07 10:46,8,0.73,2,0
49,600,11/4/07 10:46,8,0.907,1,1
49,600,11/4/07 10:46,8,2.056,1,1
49,600,11/4/07 10:47,4,1.139,1,1
49,600,11/4/07 10:47,4,1.413,2,0
49,600,11/4/07 10:47,6,0.601,2,0
49,600,11/4/07 10:47,6,1.232,1,1
49,600,11/4/07 10:47,6,1.755,1,0
49,600,11/4/07 10:47,6,2.221,1,0
49,600,11/4/07 10:47,8,1.343,2,0
49,600,11/4/07 10:47,8,1.943,1,0
49,600,11/4/07 10:47,8,1.966,2,1
49,600,11/4/07 10:47,8,2.363,2,1
49,600,11/4/07 10:48,6,1.639,1,0
49,600,11/4/07 10:48,6,3.056,2,0
49,600,11/4/07 10:48,8,0.104,2,1
49,600,11/4/07 10:48,8,0.159,2,0
49,600,11/4/07 10:48,8,0.367,2,1
49,600,11/4/07 10:48,8,0.678,2,1
49,600,11/4/07 10:48,8,0.748,1,1
50,900,11/4/07 11:03,4,0.986,-1,0
50,900,11/4/07 11:03,4,2.328,1,0
50,900,11/4/07 11:04,4,0.365,2,1
50,900,11/4/07 11:04,4,0.377,2,0
50,900,11/4/07 11:04,4,0.558,1,1
50,900,11/4/07 11:04,4,0.617,1,0
50,900,11/4/07 11:04,8,0.274,1,0
50,900,11/4/07 11:04,8,0.352,2,1
50,900,11/4/07 11:04,8,0.385,2,0
50,900,11/4/07 11:04,8,0.437,1,1
50,900,11/4/07 11:04,8,0.448,1,1
50,900,11/4/07 11:04,8,0.462,1,1
50,900,11/4/07 11:04,8,0.567,1,1
50,900,11/4/07 11:04,8,0.58,2,0
50,900,11/4/07 11:04,8,0.655,1,1
50,900,11/4/07 11:05,4,0.428,2,1
50,900,11/4/07 11:05,4,0.547,1,0
50,900,11/4/07 11:05,4,0.625,1,1
50,900,11/4/07 11:05,4,0.794,1,1
50,900,11/4/07 11:05,4,1.123,2,0
50,900,11/4/07 11:05,6,0.296,1,0
50,900,11/4/07 11:05,6,0.308,2,1
50,900,11/4/07 11:05,6,0.364,1,0
50,900,11/4/07 11:05,6,0.367,1,0
50,900,11/4/07 11:05,6,0.733,1,0
50,900,11/4/07 11:05,8,0.409,2,1
50,900,11/4/07 11:05,8,0.609,2,1
50,900,11/4/07 11:05,8,0.663,2,0
50,900,11/4/07 11:05,8,0.786,2,1
50,900,11/4/07 11:06,6,0.422,1,0
51,900,11/4/07 11:07,4,0.452,2,1
51,900,11/4/07 11:07,4,0.745,1,1
51,900,11/4/07 11:07,4,1.75,1,1
51,900,11/4/07 11:07,6,1.291,1,0
51,900,11/4/07 11:07,8,4.004,2,1
51,900,11/4/07 11:08,4,0.594,2,1
51,900,11/4/07 11:08,4,0.639,2,1
51,900,11/4/07 11:08,4,3.202,1,1
51,900,11/4/07 11:08,6,0.6,2,1
51,900,11/4/07 11:08,6,0.845,2,1
51,900,11/4/07 11:08,8,0.33,2,1
51,900,11/4/07 11:08,8,0.517,2,0
51,900,11/4/07 11:08,8,0.669,2,0
51,900,11/4/07 11:08,8,0.741,2,1
51,900,11/4/07 11:08,8,2.366,1,0
51,900,11/4/07 11:08,8,2.473,2,1
51,900,11/4/07 11:09,4,0.406,2,1
51,900,11/4/07 11:09,4,0.545,2,1
51,900,11/4/07 11:09,4,1.166,1,1
51,900,11/4/07 11:09,4,1.244,1,1
51,900,11/4/07 11:09,6,0.458,1,1
51,900,11/4/07 11:09,6,0.614,2,0
51,900,11/4/07 11:09,6,1.162,2,1
51,900,11/4/07 11:09,6,1.486,1,1
51,900,11/4/07 11:09,6,2.306,2,0
51,900,11/4/07 11:09,8,0.301,1,0
51,900,11/4/07 11:09,8,0.701,2,0
51,900,11/4/07 11:09,8,0.848,1,1
51,900,11/4/07 11:09,8,1.618,1,0
51,900,11/4/07 11:10,8,1.648,2,0
52,100,11/4/07 13:37,4,0.839,2,0
52,100,11/4/07 13:37,4,0.982,2,1
52,100,11/4/07 13:37,6,0.378,1,0
52,100,11/4/07 13:37,6,0.403,2,1
52,100,11/4/07 13:37,6,0.454,1,0
52,100,11/4/07 13:37,6,0.759,2,1
52,100,11/4/07 13:37,8,0.433,1,1
52,100,11/4/07 13:37,8,0.546,2,1
52,100,11/4/07 13:37,8,3.008,1,1
52,100,11/4/07 13:38,4,0.39,1,1
52,100,11/4/07 13:38,4,0.42,2,0
52,100,11/4/07 13:38,4,0.582,1,0
52,100,11/4/07 13:38,4,0.828,1,0
52,100,11/4/07 13:38,4,1.301,2,1
52,100,11/4/07 13:38,6,0.284,1,0
52,100,11/4/07 13:38,6,0.296,2,0
52,100,11/4/07 13:38,6,0.356,2,0
52,100,11/4/07 13:38,6,0.606,1,1
52,100,11/4/07 13:38,6,1.096,2,1
52,100,11/4/07 13:38,6,1.202,2,1
52,100,11/4/07 13:38,8,0.107,1,1
52,100,11/4/07 13:38,8,0.813,1,1
52,100,11/4/07 13:38,8,0.874,1,1
52,100,11/4/07 13:39,4,0.344,1,0
52,100,11/4/07 13:39,4,0.866,2,1
52,100,11/4/07 13:39,4,1.049,2,1
52,100,11/4/07 13:39,6,0.543,1,0
52,100,11/4/07 13:39,6,0.577,2,0
52,100,11/4/07 13:39,6,0.767,1,1
52,100,11/4/07 13:39,8,0.55,2,1
54,600,11/4/07 13:52,4,0.513,1,0
54,600,11/4/07 13:52,4,0.661,1,1
54,600,11/4/07 13:52,4,0.667,1,1
54,600,11/4/07 13:52,4,0.727,1,1
54,600,11/4/07 13:52,4,1.597,1,1
54,600,11/4/07 13:52,6,0.567,2,1
54,600,11/4/07 13:52,6,2.495,2,1
54,600,11/4/07 13:52,8,0.444,1,1
54,600,11/4/07 13:52,8,0.92,1,1
54,600,11/4/07 13:52,8,1.363,1,1
54,600,11/4/07 13:52,8,1.469,1,1
54,600,11/4/07 13:53,4,0.439,1,1
54,600,11/4/07 13:53,4,0.728,1,1
54,600,11/4/07 13:53,6,0.783,2,1
54,600,11/4/07 13:53,6,1.004,2,0
54,600,11/4/07 13:53,6,1.3,1,1
54,600,11/4/07 13:53,6,1.585,2,0
54,600,11/4/07 13:53,6,3.083,2,1
54,600,11/4/07 13:53,8,0.392,2,1
54,600,11/4/07 13:53,8,0.699,1,1
54,600,11/4/07 13:53,8,0.991,2,1
54,600,11/4/07 13:53,8,1.853,2,1
54,600,11/4/07 13:54,6,0.769,1,1
54,600,11/4/07 13:54,6,1.735,2,1
54,600,11/4/07 13:54,6,1.849,2,0
54,600,11/4/07 13:54,8,0.394,1,1
54,600,11/4/07 13:54,8,0.409,2,1
54,600,11/4/07 13:54,8,0.645,1,1
54,600,11/4/07 13:54,8,0.888,2,1
54,600,11/4/07 13:54,8,1.445,2,1
55,900,11/4/07 14:10,4,1.842,2,1
55,900,11/4/07 14:10,4,2.43,2,0
55,900,11/4/07 14:10,6,2.359,1,1
55,900,11/4/07 14:10,8,1.257,2,1
55,900,11/4/07 14:11,4,0.444,2,1
55,900,11/4/07 14:11,4,0.663,1,1
55,900,11/4/07 14:11,4,0.664,1,1
55,900,11/4/07 14:11,4,1.538,2,1
55,900,11/4/07 14:11,4,2.027,2,0
55,900,11/4/07 14:11,4,2.153,1,0
55,900,11/4/07 14:11,6,0.661,2,0
55,900,11/4/07 14:11,6,1.33,2,1
55,900,11/4/07 14:11,6,2.987,2,1
55,900,11/4/07 14:11,8,0.455,2,1
55,900,11/4/07 14:11,8,0.579,1,1
55,900,11/4/07 14:11,8,0.615,2,1
55,900,11/4/07 14:12,4,0.552,1,1
55,900,11/4/07 14:12,4,0.808,2,1
55,900,11/4/07 14:12,4,1.372,1,0
55,900,11/4/07 14:12,4,1.646,1,0
55,900,11/4/07 14:12,6,1.18,1,0
55,900,11/4/07 14:12,6,1.348,1,1
55,900,11/4/07 14:12,6,1.522,1,1
55,900,11/4/07 14:12,6,1.962,2,0
55,900,11/4/07 14:12,6,2.809,1,0
55,900,11/4/07 14:12,6,2.85,1,0
55,900,11/4/07 14:12,8,0.35,1,1
55,900,11/4/07 14:12,8,0.386,2,1
55,900,11/4/07 14:13,4,0.936,2,0
55,900,11/4/07 14:13,8,4.722,2,1
56,48,11/4/07 14:09,6,0.519,1,1
56,48,11/4/07 14:09,6,0.887,2,1
56,48,11/4/07 14:09,6,0.927,1,0
56,48,11/4/07 14:09,6,0.988,2,1
56,48,11/4/07 14:09,6,1.121,2,0
56,48,11/4/07 14:09,8,0.547,1,0
56,48,11/4/07 14:09,8,0.787,2,1
56,48,11/4/07 14:10,4,0.763,2,0
56,48,11/4/07 14:10,4,0.775,2,1
56,48,11/4/07 14:10,4,1.131,1,1
56,48,11/4/07 14:10,4,1.205,2,0
56,48,11/4/07 14:10,4,1.804,2,0
56,48,11/4/07 14:10,6,0.661,2,0
56,48,11/4/07 14:10,6,1.029,1,0
56,48,11/4/07 14:10,6,1.234,2,1
56,48,11/4/07 14:10,8,0.264,2,1
56,48,11/4/07 14:10,8,0.681,2,0
56,48,11/4/07 14:10,8,0.773,2,1
56,48,11/4/07 14:10,8,1.2,2,1
56,48,11/4/07 14:11,4,0.299,2,0
56,48,11/4/07 14:11,4,0.512,2,1
56,48,11/4/07 14:11,4,0.552,1,0
56,48,11/4/07 14:11,4,1.039,2,0
56,48,11/4/07 14:11,4,1.62,2,1
56,48,11/4/07 14:11,6,0.339,2,1
56,48,11/4/07 14:11,8,0.389,1,1
56,48,11/4/07 14:11,8,0.601,2,0
56,48,11/4/07 14:11,8,1.842,2,1
56,48,11/4/07 14:11,8,1.887,2,1
56,48,11/4/07 14:11,8,2.547,-1,0
57,100,11/4/07 14:24,4,0.185,-1,0
57,100,11/4/07 14:24,4,0,2,1
57,100,11/4/07 14:24,6,0.598,-1,0
57,100,11/4/07 14:24,8,0.092,-1,0
57,100,11/4/07 14:24,8,0.535,-1,0
57,100,11/4/07 14:24,8,0.787,1,0
57,100,11/4/07 14:25,4,0.03,1,0
57,100,11/4/07 14:25,4,0.033,2,1
57,100,11/4/07 14:25,4,0.106,1,1
57,100,11/4/07 14:25,4,0.115,2,1
57,100,11/4/07 14:25,4,0.53,1,1
57,100,11/4/07 14:25,6,0.023,1,0
57,100,11/4/07 14:25,6,0.106,2,1
57,100,11/4/07 14:25,6,0.201,2,1
57,100,11/4/07 14:25,6,0.226,1,0
57,100,11/4/07 14:25,6,0.27,2,1
57,100,11/4/07 14:25,6,0.296,2,1
57,100,11/4/07 14:25,6,0.567,1,1
57,100,11/4/07 14:25,8,0.09,2,1
57,100,11/4/07 14:25,8,0.108,1,0
57,100,11/4/07 14:25,8,0.136,2,0
57,100,11/4/07 14:26,4,0.2,2,1
57,100,11/4/07 14:26,4,0.235,2,1
57,100,11/4/07 14:26,6,0.019,2,0
57,100,11/4/07 14:26,6,0.078,1,0
57,100,11/4/07 14:26,6,0,1,0
57,100,11/4/07 14:26,6,0.121,1,0
57,100,11/4/07 14:26,8,0.149,2,1
57,100,11/4/07 14:26,8,0.163,1,1
57,100,11/4/07 14:26,8,0.198,1,1
58,300,11/4/07 14:35,4,0,1,1
58,300,11/4/07 14:35,4,0.329,2,1
58,300,11/4/07 14:35,4,0.571,2,1
58,300,11/4/07 14:35,4,1.957,1,1
58,300,11/4/07 14:35,6,0.299,1,1
58,300,11/4/07 14:35,8,0.495,1,1
58,300,11/4/07 14:35,8,0.613,1,1
58,300,11/4/07 14:35,8,0.839,2,0
58,300,11/4/07 14:35,8,1.167,2,1
58,300,11/4/07 14:36,4,0.164,1,0
58,300,11/4/07 14:36,4,0.297,2,1
58,300,11/4/07 14:36,4,0.516,2,1
58,300,11/4/07 14:36,4,0.805,2,0
58,300,11/4/07 14:36,6,0.188,2,0
58,300,11/4/07 14:36,6,0.242,2,0
58,300,11/4/07 14:36,6,0.631,1,1
58,300,11/4/07 14:36,8,0.131,2,0
58,300,11/4/07 14:36,8,0.176,1,1
58,300,11/4/07 14:36,8,0.186,1,0
58,300,11/4/07 14:36,8,0.28,1,1
58,300,11/4/07 14:36,8,0.316,1,0
58,300,11/4/07 14:36,8,0.318,2,1
58,300,11/4/07 14:36,8,0.349,1,1
58,300,11/4/07 14:37,4,0.016,2,0
58,300,11/4/07 14:37,4,0.08,1,1
58,300,11/4/07 14:37,4,0.214,1,1
58,300,11/4/07 14:37,4,0.947,2,0
58,300,11/4/07 14:37,8,0.185,2,0
58,300,11/4/07 14:37,8,0.225,2,0
58,300,11/4/07 14:37,8,0.277,2,0
59,600,11/4/07 15:13,4,0.253,1,1
59,600,11/4/07 15:13,4,0.434,2,1
59,600,11/4/07 15:13,4,0.747,1,1
59,600,11/4/07 15:13,4,0.892,1,1
59,600,11/4/07 15:13,6,0.299,2,1
59,600,11/4/07 15:13,6,0.317,2,1
59,600,11/4/07 15:13,6,0.737,1,1
59,600,11/4/07 15:13,6,0.826,2,1
59,600,11/4/07 15:13,8,0.311,2,1
59,600,11/4/07 15:13,8,0.332,1,1
59,600,11/4/07 15:13,8,0.658,1,0
59,600,11/4/07 15:13,8,1.04,1,1
59,600,11/4/07 15:14,4,0.303,2,1
59,600,11/4/07 15:14,4,0.309,2,1
59,600,11/4/07 15:14,4,0.505,2,1
59,600,11/4/07 15:14,4,0.559,2,0
59,600,11/4/07 15:14,4,1.253,2,1
59,600,11/4/07 15:14,4,1.947,2,1
59,600,11/4/07 15:14,6,0.198,1,1
59,600,11/4/07 15:14,6,0.354,2,1
59,600,11/4/07 15:14,8,0.216,1,1
59,600,11/4/07 15:14,8,0.331,2,1
59,600,11/4/07 15:14,8,0.383,1,1
59,600,11/4/07 15:14,8,0.454,2,0
59,600,11/4/07 15:14,8,3.743,1,0
59,600,11/4/07 15:15,4,0.294,2,1
59,600,11/4/07 15:15,6,0.521,2,1
59,600,11/4/07 15:15,6,0.792,2,1
59,600,11/4/07 15:15,6,0.898,2,1
59,600,11/4/07 15:15,8,3.044,2,0
61,48,11/4/07 15:25,4,1.422,1,1
61,48,11/4/07 15:25,4,3.266,1,1
61,48,11/4/07 15:25,6,0.92,2,0
61,48,11/4/07 15:26,4,0.274,2,1
61,48,11/4/07 15:26,4,0.342,2,0
61,48,11/4/07 15:26,4,1.691,1,1
61,48,11/4/07 15:26,6,0.394,2,1
61,48,11/4/07 15:26,6,0.622,1,0
61,48,11/4/07 15:26,6,0.646,1,0
61,48,11/4/07 15:26,6,0.718,2,0
61,48,11/4/07 15:26,8,0.366,2,0
61,48,11/4/07 15:26,8,0.719,1,0
61,48,11/4/07 15:26,8,0.962,2,0
61,48,11/4/07 15:26,8,1.048,2,1
61,48,11/4/07 15:26,8,4.957,2,0
61,48,11/4/07 15:27,4,0.062,1,1
61,48,11/4/07 15:27,4,0.184,2,1
61,48,11/4/07 15:27,4,0.364,2,1
61,48,11/4/07 15:27,4,0.687,1,1
61,48,11/4/07 15:27,6,0.259,1,0
61,48,11/4/07 15:27,6,0.503,1,0
61,48,11/4/07 15:27,6,0.514,2,1
61,48,11/4/07 15:27,6,0.683,2,1
61,48,11/4/07 15:27,6,0.751,2,0
61,48,11/4/07 15:27,8,0.259,2,0
61,48,11/4/07 15:27,8,0.302,1,0
61,48,11/4/07 15:27,8,0.495,1,1
61,48,11/4/07 15:27,8,0.681,1,1
61,48,11/4/07 15:27,8,1.221,1,1
61,48,11/4/07 15:28,8,0.511,2,1
62,100,11/4/07 15:32,4,1.42,2,0
62,100,11/4/07 15:32,4,1.559,1,1
62,100,11/4/07 15:32,4,1.6,2,1
62,100,11/4/07 15:32,4,2.655,-1,0
62,100,11/4/07 15:32,6,1.041,1,0
62,100,11/4/07 15:32,6,1.253,1,1
62,100,11/4/07 15:32,6,1.278,-1,0
62,100,11/4/07 15:32,8,0.338,1,1
62,100,11/4/07 15:32,8,0.466,1,0
62,100,11/4/07 15:32,8,0.667,1,1
62,100,11/4/07 15:32,8,3.469,1,0
62,100,11/4/07 15:33,4,1.225,2,1
62,100,11/4/07 15:33,4,1.626,2,1
62,100,11/4/07 15:33,4,1.996,1,1
62,100,11/4/07 15:33,6,0.35,1,1
62,100,11/4/07 15:33,6,1.163,1,0
62,100,11/4/07 15:33,6,1.397,1,1
62,100,11/4/07 15:33,6,1.692,2,1
62,100,11/4/07 15:33,8,0.233,1,1
62,100,11/4/07 15:33,8,0.482,1,1
62,100,11/4/07 15:33,8,0.655,1,1
62,100,11/4/07 15:33,8,2.838,2,0
62,100,11/4/07 15:34,4,0.743,2,0
62,100,11/4/07 15:34,4,0.877,2,0
62,100,11/4/07 15:34,4,2.109,2,0
62,100,11/4/07 15:34,6,0.558,1,0
62,100,11/4/07 15:34,6,0.733,2,1
62,100,11/4/07 15:34,8,0.285,1,1
62,100,11/4/07 15:34,8,0.761,2,1
62,100,11/4/07 15:34,8,1.819,1,0
63,300,11/4/07 16:09,4,0.673,1,0
63,300,11/4/07 16:09,4,0.719,1,1
63,300,11/4/07 16:09,4,1.136,1,0
63,300,11/4/07 16:09,4,1.466,-1,0
63,300,11/4/07 16:09,4,2.394,1,1
63,300,11/4/07 16:09,6,0.591,1,1
63,300,11/4/07 16:09,6,0.771,1,1
63,300,11/4/07 16:09,6,0.829,2,1
63,300,11/4/07 16:09,6,1.171,2,1
63,300,11/4/07 16:09,8,0.412,2,1
63,300,11/4/07 16:09,8,0.921,2,1
63,300,11/4/07 16:10,4,0.374,1,0
63,300,11/4/07 16:10,4,1.208,2,1
63,300,11/4/07 16:10,4,1.612,1,1
63,300,11/4/07 16:10,4,3.645,2,0
63,300,11/4/07 16:10,6,0.318,1,1
63,300,11/4/07 16:10,6,0.349,1,1
63,300,11/4/07 16:10,6,0.423,2,1
63,300,11/4/07 16:10,6,0.929,2,1
63,300,11/4/07 16:10,6,1.228,2,1
63,300,11/4/07 16:10,6,1.456,2,1
63,300,11/4/07 16:10,6,2.346,2,1
63,300,11/4/07 16:10,8,1.381,2,1
63,300,11/4/07 16:11,6,0.583,1,1
63,300,11/4/07 16:11,6,1.353,2,1
63,300,11/4/07 16:11,6,1.467,2,1
63,300,11/4/07 16:11,8,0.349,2,1
63,300,11/4/07 16:11,8,0.634,2,1
63,300,11/4/07 16:11,8,1.335,1,1
63,300,11/4/07 16:11,8,2.302,2,1
64,600,11/10/07 10:24,4,2.188,2,0
64,600,11/10/07 10:24,4,2.338,-1,0
64,600,11/10/07 10:24,6,1.734,-1,0
64,600,11/10/07 10:24,6,2.828,2,0
64,600,11/10/07 10:24,8,0.863,2,1
64,600,11/10/07 10:24,8,5.651,1,1
64,600,11/10/07 10:25,4,2.131,2,0
64,600,11/10/07 10:25,4,2.649,-1,0
64,600,11/10/07 10:25,4,3.2,1,0
64,600,11/10/07 10:25,6,0.673,1,1
64,600,11/10/07 10:25,6,1.189,2,0
64,600,11/10/07 10:25,6,1.605,1,0
64,600,11/10/07 10:25,6,1.813,2,1
64,600,11/10/07 10:25,6,1.813,2,1
64,600,11/10/07 10:25,6,1.838,2,0
64,600,11/10/07 10:25,8,0.991,2,1
64,600,11/10/07 10:25,8,1.266,2,1
64,600,11/10/07 10:26,4,0.091,1,0
64,600,11/10/07 10:26,4,0,2,0
64,600,11/10/07 10:26,4,0.804,2,0
64,600,11/10/07 10:26,4,1.202,1,0
64,600,11/10/07 10:26,6,0.098,1,0
64,600,11/10/07 10:26,6,0.196,1,0
64,600,11/10/07 10:26,6,0.32,1,0
64,600,11/10/07 10:26,6,1.661,2,0
64,600,11/10/07 10:26,8,0.108,1,1
64,600,11/10/07 10:26,8,0.205,1,0
64,600,11/10/07 10:26,8,0.449,1,1
64,600,11/10/07 10:26,8,0.782,2,1
64,600,11/10/07 10:26,8,0.91,2,1
65,900,11/10/07 10:38,8,2.783,2,1
65,900,11/10/07 10:39,4,0.22,2,1
65,900,11/10/07 10:39,4,0.22,2,1
65,900,11/10/07 10:39,4,0.236,2,1
65,900,11/10/07 10:39,4,0.299,2,1
65,900,11/10/07 10:39,4,0.383,2,1
65,900,11/10/07 10:39,4,0.393,2,1
65,900,11/10/07 10:39,6,0.319,1,1
65,900,11/10/07 10:39,6,0.375,1,1
65,900,11/10/07 10:39,6,0.429,2,1
65,900,11/10/07 10:39,6,0.719,1,1
65,900,11/10/07 10:39,8,0.402,1,0
65,900,11/10/07 10:39,8,0.425,2,1
65,900,11/10/07 10:39,8,0.526,1,1
65,900,11/10/07 10:39,8,1.421,2,1
65,900,11/10/07 10:40,4,0.221,2,1
65,900,11/10/07 10:40,4,0.25,2,1
65,900,11/10/07 10:40,4,0.686,1,1
65,900,11/10/07 10:40,6,0.179,1,1
65,900,11/10/07 10:40,6,0.282,1,1
65,900,11/10/07 10:40,6,0.322,2,1
65,900,11/10/07 10:40,6,0.344,1,1
65,900,11/10/07 10:40,6,0.408,1,1
65,900,11/10/07 10:40,6,0.431,1,1
65,900,11/10/07 10:40,6,0.458,1,1
65,900,11/10/07 10:40,6,0.492,1,1
65,900,11/10/07 10:40,8,0.212,2,1
65,900,11/10/07 10:40,8,0.253,2,1
65,900,11/10/07 10:40,8,0.277,2,1
65,900,11/10/07 10:40,8,0.323,1,1
6,600,3/27/07 14:42,6,1.083,2,1
6,600,3/27/07 14:43,4,0.92,1,1
6,600,3/27/07 14:43,4,1.702,1,1
6,600,3/27/07 14:43,6,0.438,1,1
6,600,3/27/07 14:43,6,11.486,-1,0
6,600,3/27/07 14:43,8,0.627,2,1
6,600,3/27/07 14:43,8,7.26,1,0
6,600,3/27/07 14:43,8,8.984,2,1
6,600,3/27/07 14:44,4,0.59,1,1
6,600,3/27/07 14:44,4,1.284,2,1
6,600,3/27/07 14:44,4,6.844,2,0
6,600,3/27/07 14:44,6,1.559,2,1
6,600,3/27/07 14:44,6,1.91,2,1
6,600,3/27/07 14:44,6,9.968,2,0
6,600,3/27/07 14:44,8,0.501,2,0
6,600,3/27/07 14:44,8,1.084,1,1
6,600,3/27/07 14:45,4,1.194,1,0
6,600,3/27/07 14:45,8,55.997,1,0
6,600,3/27/07 14:46,4,0.69,1,1
6,600,3/27/07 14:46,4,0.82,2,1
6,600,3/27/07 14:46,4,1.185,2,0
6,600,3/27/07 14:46,4,1.232,1,0
6,600,3/27/07 14:46,4,1.493,1,1
6,600,3/27/07 14:46,4,5.607,-1,0
6,600,3/27/07 14:46,6,1.632,2,0
6,600,3/27/07 14:46,8,0.183,1,0
6,600,3/27/07 14:46,8,0.259,1,0
6,600,3/27/07 14:46,8,0.621,1,1
6,600,3/27/07 14:46,8,0.665,2,0
6,600,3/27/07 14:47,8,5.568,2,1
66,1200,11/10/07 10:48,4,1.217,1,1
66,1200,11/10/07 10:48,4,2.906,1,1
66,1200,11/10/07 10:48,4,3.56,2,1
66,1200,11/10/07 10:48,6,0.704,2,1
66,1200,11/10/07 10:48,6,1.699,2,1
66,1200,11/10/07 10:48,6,5.334,-1,0
66,1200,11/10/07 10:48,8,0.57,2,1
66,1200,11/10/07 10:49,4,0.687,2,1
66,1200,11/10/07 10:49,4,0.701,2,1
66,1200,11/10/07 10:49,4,0.769,2,0
66,1200,11/10/07 10:49,4,0.796,1,1
66,1200,11/10/07 10:49,4,1.417,1,0
66,1200,11/10/07 10:49,4,1.546,2,0
66,1200,11/10/07 10:49,6,0.667,1,1
66,1200,11/10/07 10:49,8,0.473,1,1
66,1200,11/10/07 10:49,8,0.66,2,0
66,1200,11/10/07 10:49,8,0.708,2,0
66,1200,11/10/07 10:49,8,3.997,2,1
66,1200,11/10/07 10:50,4,0.812,2,1
66,1200,11/10/07 10:50,4,2.991,1,0
66,1200,11/10/07 10:50,4,4.025,1,1
66,1200,11/10/07 10:50,6,0.929,2,1
66,1200,11/10/07 10:50,6,0.959,2,1
66,1200,11/10/07 10:50,6,1.073,1,1
66,1200,11/10/07 10:50,6,1.397,1,0
66,1200,11/10/07 10:50,6,1.771,1,0
66,1200,11/10/07 10:50,8,0.548,2,1
66,1200,11/10/07 10:50,8,0.961,2,1
66,1200,11/10/07 10:50,8,1.077,2,1
66,1200,11/10/07 10:51,8,1.285,1,1
67,1200,11/10/07 14:07,4,1.289,1,1
67,1200,11/10/07 14:07,6,0.531,1,1
67,1200,11/10/07 14:07,8,0.818,1,1
67,1200,11/10/07 14:08,4,0.196,2,1
67,1200,11/10/07 14:08,4,0.22,1,1
67,1200,11/10/07 14:08,4,0.244,2,1
67,1200,11/10/07 14:08,4,0.336,1,1
67,1200,11/10/07 14:08,4,0.343,1,1
67,1200,11/10/07 14:08,4,0.469,2,1
67,1200,11/10/07 14:08,6,0.266,1,1
67,1200,11/10/07 14:08,6,0.299,1,1
67,1200,11/10/07 14:08,6,0.329,2,1
67,1200,11/10/07 14:08,6,0.36,1,1
67,1200,11/10/07 14:08,8,0.284,1,1
67,1200,11/10/07 14:08,8,0.325,2,1
67,1200,11/10/07 14:08,8,0.39,1,1
67,1200,11/10/07 14:08,8,1.899,1,1
67,1200,11/10/07 14:09,4,0.284,2,1
67,1200,11/10/07 14:09,4,0.29,1,1
67,1200,11/10/07 14:09,6,0.259,2,1
67,1200,11/10/07 14:09,6,0.274,1,1
67,1200,11/10/07 14:09,6,0.275,2,1
67,1200,11/10/07 14:09,6,0.284,2,1
67,1200,11/10/07 14:09,6,0.343,1,1
67,1200,11/10/07 14:09,8,0.215,1,1
67,1200,11/10/07 14:09,8,0.262,1,1
67,1200,11/10/07 14:09,8,0.264,2,1
67,1200,11/10/07 14:09,8,0.285,2,1
67,1200,11/10/07 14:09,8,0.299,1,1
67,1200,11/10/07 14:09,8,0.346,2,1
68,1200,11/10/07 14:15,4,0.295,2,1
68,1200,11/10/07 14:15,4,0.814,1,1
68,1200,11/10/07 14:15,6,1.274,2,0
68,1200,11/10/07 14:15,6,1.497,1,1
68,1200,11/10/07 14:15,6,1.862,1,1
68,1200,11/10/07 14:15,8,0.434,1,1
68,1200,11/10/07 14:15,8,1.383,2,1
68,1200,11/10/07 14:15,8,1.46,1,1
68,1200,11/10/07 14:15,8,1.767,1,1
68,1200,11/10/07 14:15,8,1.909,2,1
68,1200,11/10/07 14:16,4,0.359,1,1
68,1200,11/10/07 14:16,4,0.509,1,1
68,1200,11/10/07 14:16,4,0.612,2,1
68,1200,11/10/07 14:16,4,1.693,2,1
68,1200,11/10/07 14:16,6,0.578,2,0
68,1200,11/10/07 14:16,6,0.65,1,0
68,1200,11/10/07 14:16,6,0.75,1,1
68,1200,11/10/07 14:16,6,1.378,2,1
68,1200,11/10/07 14:16,8,0.155,1,1
68,1200,11/10/07 14:16,8,0.28,2,1
68,1200,11/10/07 14:16,8,1.493,1,0
68,1200,11/10/07 14:16,8,1.583,1,1
68,1200,11/10/07 14:17,4,0.309,1,1
68,1200,11/10/07 14:17,4,0.719,1,0
68,1200,11/10/07 14:17,6,0.387,1,1
68,1200,11/10/07 14:17,6,0.842,1,1
68,1200,11/10/07 14:17,6,1.271,2,1
68,1200,11/10/07 14:17,8,0.451,1,1
68,1200,11/10/07 14:17,8,0.466,2,1
68,1200,11/10/07 14:17,8,1.062,1,0
69a,1200,11/11/07 11:17,4,1.069,1,1
69a,1200,11/11/07 11:17,4,1.235,1,1
69a,1200,11/11/07 11:17,6,1.105,1,1
69a,1200,11/11/07 11:17,8,1.054,2,1
69a,1200,11/11/07 11:17,8,2.244,2,1
69a,1200,11/11/07 11:18,4,0.611,1,1
69a,1200,11/11/07 11:18,4,0.677,2,1
69a,1200,11/11/07 11:18,6,0.551,1,1
69a,1200,11/11/07 11:18,6,0.766,2,1
69a,1200,11/11/07 11:18,6,0.884,1,1
69a,1200,11/11/07 11:18,6,0.942,1,1
69a,1200,11/11/07 11:18,6,2.513,1,1
69a,1200,11/11/07 11:18,8,0.489,2,1
69a,1200,11/11/07 11:18,8,0.602,2,1
69a,1200,11/11/07 11:18,8,0.618,2,1
69a,1200,11/11/07 11:18,8,0.768,2,1
69a,1200,11/11/07 11:18,8,1.005,2,1
69a,1200,11/11/07 11:19,4,0.494,2,1
69a,1200,11/11/07 11:19,4,0.594,1,1
69a,1200,11/11/07 11:19,4,0.606,2,1
69a,1200,11/11/07 11:19,4,0.631,1,1
69a,1200,11/11/07 11:19,4,0.75,2,1
69a,1200,11/11/07 11:19,6,0.742,1,1
69a,1200,11/11/07 11:19,6,0.771,2,1
69a,1200,11/11/07 11:19,6,1.623,2,1
69a,1200,11/11/07 11:19,8,0.436,2,1
69a,1200,11/11/07 11:19,8,0.486,2,1
69a,1200,11/11/07 11:19,8,0.532,1,1
69a,1200,11/11/07 11:19,8,0.577,1,1
69a,1200,11/11/07 11:19,8,0.688,2,1
70,48,11/10/07 14:27,4,3.782,2,0
70,48,11/10/07 14:27,4,4.238,1,1
70,48,11/10/07 14:27,4,5.393,1,0
70,48,11/10/07 14:27,6,4.201,1,1
70,48,11/10/07 14:27,6,6.72,2,0
70,48,11/10/07 14:27,8,2.344,1,1
70,48,11/10/07 14:28,4,0.957,2,1
70,48,11/10/07 14:28,4,1.004,1,0
70,48,11/10/07 14:28,4,2.675,2,1
70,48,11/10/07 14:28,4,4.648,1,1
70,48,11/10/07 14:28,6,2.938,2,0
70,48,11/10/07 14:28,6,3.838,2,1
70,48,11/10/07 14:28,6,3.856,2,0
70,48,11/10/07 14:28,8,1.691,2,1
70,48,11/10/07 14:28,8,3.932,1,0
70,48,11/10/07 14:29,4,2.708,1,1
70,48,11/10/07 14:29,6,2.47,1,0
70,48,11/10/07 14:29,6,3.496,2,0
70,48,11/10/07 14:29,6,5.836,1,0
70,48,11/10/07 14:29,6,6.81,1,1
70,48,11/10/07 14:29,8,1.198,2,1
70,48,11/10/07 14:29,8,2.275,2,0
70,48,11/10/07 14:29,8,3.058,2,1
70,48,11/10/07 14:30,4,1.587,1,0
70,48,11/10/07 14:30,4,2.112,1,0
70,48,11/10/07 14:30,4,5.157,1,1
70,48,11/10/07 14:30,6,0.711,1,0
70,48,11/10/07 14:30,8,1.641,1,1
70,48,11/10/07 14:30,8,3.359,2,0
70,48,11/10/07 14:30,8,3.781,2,1
71,100,11/10/07 14:31,4,0.631,-1,0
71,100,11/10/07 14:31,4,2.368,1,1
71,100,11/10/07 14:31,4,2.394,-1,0
71,100,11/10/07 14:31,6,0.138,-1,0
71,100,11/10/07 14:31,6,0.968,-1,0
71,100,11/10/07 14:31,6,1.011,-1,0
71,100,11/10/07 14:31,6,1.392,-1,0
71,100,11/10/07 14:31,8,0.6,-1,0
71,100,11/10/07 14:31,8,0.612,-1,0
71,100,11/10/07 14:31,8,7.248,-1,0
71,100,11/10/07 14:32,4,0.463,1,1
71,100,11/10/07 14:32,4,1.209,2,1
71,100,11/10/07 14:32,4,1.221,2,1
71,100,11/10/07 14:32,4,2.395,1,0
71,100,11/10/07 14:32,6,0.347,2,1
71,100,11/10/07 14:32,6,0.492,1,1
71,100,11/10/07 14:32,6,0.558,2,0
71,100,11/10/07 14:32,6,1.034,1,0
71,100,11/10/07 14:32,6,1.647,1,1
71,100,11/10/07 14:32,8,0.311,1,1
71,100,11/10/07 14:32,8,0.321,1,1
71,100,11/10/07 14:32,8,0.353,2,0
71,100,11/10/07 14:33,4,0.118,2,1
71,100,11/10/07 14:33,4,0.228,2,1
71,100,11/10/07 14:33,4,0.932,2,1
71,100,11/10/07 14:33,6,0.194,2,1
71,100,11/10/07 14:33,6,0.278,1,1
71,100,11/10/07 14:33,6,0.29,2,1
71,100,11/10/07 14:33,6,1.487,1,1
71,100,11/10/07 14:33,8,0.147,1,0
72,300,11/11/07 10:57,8,2.319,2,1
72,300,11/11/07 10:57,8,3.261,-1,0
72,300,11/11/07 10:58,4,0.416,1,1
72,300,11/11/07 10:58,4,1.431,1,0
72,300,11/11/07 10:58,4,4.97,1,0
72,300,11/11/07 10:58,6,0.672,1,0
72,300,11/11/07 10:58,6,1.163,2,0
72,300,11/11/07 10:58,6,1.515,1,1
72,300,11/11/07 10:58,6,2.453,2,0
72,300,11/11/07 10:58,8,0.506,1,1
72,300,11/11/07 10:58,8,0.746,2,0
72,300,11/11/07 10:58,8,0.982,2,1
72,300,11/11/07 10:58,8,2.512,1,1
72,300,11/11/07 10:59,4,0.204,2,1
72,300,11/11/07 10:59,4,0.348,1,0
72,300,11/11/07 10:59,4,0.638,1,0
72,300,11/11/07 10:59,4,2.611,1,0
72,300,11/11/07 10:59,6,0.988,2,1
72,300,11/11/07 10:59,6,1.077,1,0
72,300,11/11/07 10:59,6,2.472,1,1
72,300,11/11/07 10:59,8,0.074,1,0
72,300,11/11/07 10:59,8,1.281,2,1
72,300,11/11/07 10:59,8,1.692,1,0
72,300,11/11/07 10:59,8,3.346,1,0
72,300,11/11/07 11:00,4,1.273,2,0
72,300,11/11/07 11:00,4,1.702,1,0
72,300,11/11/07 11:00,4,2.352,1,1
72,300,11/11/07 11:00,6,0.678,1,1
72,300,11/11/07 11:00,6,1.947,2,1
72,300,11/11/07 11:00,6,4.078,1,0
74r1,900,11/11/07 14:00,4,0.498,1,1
74r1,900,11/11/07 14:00,4,0.52,1,1
74r1,900,11/11/07 14:00,4,1.247,2,1
74r1,900,11/11/07 14:00,6,0.444,1,1
74r1,900,11/11/07 14:00,8,0.351,1,1
74r1,900,11/11/07 14:00,8,0.828,2,1
74r1,900,11/11/07 14:00,8,4.165,2,1
74r1,900,11/11/07 14:01,4,0.188,1,1
74r1,900,11/11/07 14:01,4,0.196,2,1
74r1,900,11/11/07 14:01,4,0.211,2,1
74r1,900,11/11/07 14:01,4,0.227,2,1
74r1,900,11/11/07 14:01,4,0.418,2,1
74r1,900,11/11/07 14:01,4,0.452,2,1
74r1,900,11/11/07 14:01,4,0.677,1,1
74r1,900,11/11/07 14:01,6,0.298,1,1
74r1,900,11/11/07 14:01,6,0.545,2,1
74r1,900,11/11/07 14:01,6,2.201,2,0
74r1,900,11/11/07 14:01,8,0.26,1,1
74r1,900,11/11/07 14:01,8,0.416,1,1
74r1,900,11/11/07 14:01,8,0.428,1,1
74r1,900,11/11/07 14:01,8,0.537,2,1
74r1,900,11/11/07 14:02,4,0.18,2,1
74r1,900,11/11/07 14:02,4,0.203,1,1
74r1,900,11/11/07 14:02,4,0.232,2,1
74r1,900,11/11/07 14:02,4,0.32,2,1
74r1,900,11/11/07 14:02,6,0.279,1,1
74r1,900,11/11/07 14:02,6,0.335,1,0
74r1,900,11/11/07 14:02,6,2.359,1,1
74r1,900,11/11/07 14:02,8,0.301,1,1
74r1,900,11/11/07 14:02,8,0.339,1,1
74r2,900,11/11/07 14:19,8,0.61,2,1
74r2,900,11/11/07 14:19,8,5.452,1,1
74r2,900,11/11/07 14:20,4,0.538,1,1
74r2,900,11/11/07 14:20,4,0.576,1,1
74r2,900,11/11/07 14:20,4,0.645,1,1
74r2,900,11/11/07 14:20,4,1.05,1,0
74r2,900,11/11/07 14:20,4,3.616,2,1
74r2,900,11/11/07 14:20,6,0.388,2,0
74r2,900,11/11/07 14:20,6,0.56,2,1
74r2,900,11/11/07 14:20,6,0.631,1,1
74r2,900,11/11/07 14:20,6,0.993,2,1
74r2,900,11/11/07 14:20,6,1.549,2,1
74r2,900,11/11/07 14:20,8,0.602,1,1
74r2,900,11/11/07 14:20,8,0.87,2,0
74r2,900,11/11/07 14:20,8,1.038,2,0
74r2,900,11/11/07 14:21,4,0.47,1,0
74r2,900,11/11/07 14:21,4,0.786,1,0
74r2,900,11/11/07 14:21,4,2.325,1,1
74r2,900,11/11/07 14:21,4,2.996,2,0
74r2,900,11/11/07 14:21,6,0.264,1,1
74r2,900,11/11/07 14:21,6,0.32,1,1
74r2,900,11/11/07 14:21,6,0.428,1,1
74r2,900,11/11/07 14:21,8,0.399,1,1
74r2,900,11/11/07 14:21,8,0.492,1,1
74r2,900,11/11/07 14:21,8,0.542,2,1
74r2,900,11/11/07 14:21,8,0.628,2,1
74r2,900,11/11/07 14:21,8,1.554,1,1
74r2,900,11/11/07 14:22,4,0.675,1,1
74r2,900,11/11/07 14:22,8,2,2,1
74r2,900,11/11/07 14:22,8,2.34,2,0
75,1200,11/11/07 14:35,4,0.451,2,0
75,1200,11/11/07 14:35,4,2.155,2,0
75,1200,11/11/07 14:35,4,2.566,-1,0
75,1200,11/11/07 14:35,6,0.343,1,1
75,1200,11/11/07 14:35,6,0.357,2,1
75,1200,11/11/07 14:35,6,0.359,1,1
75,1200,11/11/07 14:35,6,0.955,1,1
75,1200,11/11/07 14:35,8,0.204,1,1
75,1200,11/11/07 14:35,8,1.475,2,0
75,1200,11/11/07 14:36,4,0.137,2,1
75,1200,11/11/07 14:36,4,0.145,2,1
75,1200,11/11/07 14:36,4,0.22,1,1
75,1200,11/11/07 14:36,4,0.239,2,0
75,1200,11/11/07 14:36,4,0.259,2,0
75,1200,11/11/07 14:36,4,0.286,2,0
75,1200,11/11/07 14:36,6,0.146,1,1
75,1200,11/11/07 14:36,6,0.228,1,1
75,1200,11/11/07 14:36,6,0.238,2,1
75,1200,11/11/07 14:36,6,0.407,2,1
75,1200,11/11/07 14:36,8,0.147,1,1
75,1200,11/11/07 14:36,8,0.158,1,0
75,1200,11/11/07 14:36,8,0.165,2,0
75,1200,11/11/07 14:36,8,0.198,2,0
75,1200,11/11/07 14:36,8,0.63,1,0
75,1200,11/11/07 14:37,4,0.066,1,0
75,1200,11/11/07 14:37,4,0.158,1,0
75,1200,11/11/07 14:37,4,0.349,1,1
75,1200,11/11/07 14:37,6,0.228,1,1
75,1200,11/11/07 14:37,8,0.128,2,1
75,1200,11/11/07 14:37,8,0.235,1,0
76,48,11/11/07 14:40,4,0.242,1,1
76,48,11/11/07 14:40,4,0.369,2,1
76,48,11/11/07 14:40,4,0.374,1,1
76,48,11/11/07 14:40,4,0.389,1,1
76,48,11/11/07 14:40,4,1.434,2,1
76,48,11/11/07 14:40,6,0.506,1,0
76,48,11/11/07 14:40,6,0.68,2,1
76,48,11/11/07 14:40,6,0.717,1,1
76,48,11/11/07 14:40,6,0.739,1,1
76,48,11/11/07 14:40,8,0.416,1,0
76,48,11/11/07 14:40,8,0.653,1,0
76,48,11/11/07 14:40,8,0.79,2,0
76,48,11/11/07 14:41,4,0.354,1,1
76,48,11/11/07 14:41,4,0.436,1,1
76,48,11/11/07 14:41,4,0.461,1,1
76,48,11/11/07 14:41,4,0.462,2,1
76,48,11/11/07 14:41,4,0.863,1,1
76,48,11/11/07 14:41,6,0.403,1,1
76,48,11/11/07 14:41,6,0.472,1,1
76,48,11/11/07 14:41,6,1.319,1,1
76,48,11/11/07 14:41,8,0.177,1,0
76,48,11/11/07 14:41,8,0.179,1,0
76,48,11/11/07 14:41,8,0.54,2,1
76,48,11/11/07 14:41,8,0.593,1,1
76,48,11/11/07 14:41,8,1.129,2,1
76,48,11/11/07 14:42,4,0.213,1,1
76,48,11/11/07 14:42,4,0.2,2,1
76,48,11/11/07 14:42,6,0.456,1,1
76,48,11/11/07 14:42,6,0.568,2,1
76,48,11/11/07 14:42,8,0.637,2,0
77,300,11/11/07 14:52,4,1.278,-1,0
77,300,11/11/07 14:52,4,5.647,-1,0
77,300,11/11/07 14:52,6,1.675,-1,0
77,300,11/11/07 14:53,4,0.535,1,0
77,300,11/11/07 14:53,4,0.658,2,1
77,300,11/11/07 14:53,4,1.152,2,1
77,300,11/11/07 14:53,6,1.736,2,1
77,300,11/11/07 14:53,6,3.638,2,1
77,300,11/11/07 14:53,6,6.946,-1,0
77,300,11/11/07 14:53,8,0.5,1,1
77,300,11/11/07 14:53,8,0.596,1,1
77,300,11/11/07 14:53,8,0.855,1,1
77,300,11/11/07 14:53,8,11.557,1,0
77,300,11/11/07 14:54,4,0.336,2,1
77,300,11/11/07 14:54,4,0.472,2,0
77,300,11/11/07 14:54,4,0.665,2,1
77,300,11/11/07 14:54,6,0.58,2,0
77,300,11/11/07 14:54,6,0.607,2,1
77,300,11/11/07 14:54,6,0.688,1,1
77,300,11/11/07 14:54,6,0.952,2,0
77,300,11/11/07 14:54,8,0.498,2,1
77,300,11/11/07 14:54,8,0.603,2,1
77,300,11/11/07 14:54,8,2.157,1,1
77,300,11/11/07 14:54,8,3.618,1,1
77,300,11/11/07 14:55,4,1.527,1,1
77,300,11/11/07 14:55,6,0.426,2,1
77,300,11/11/07 14:55,6,1.046,1,0
77,300,11/11/07 14:55,8,2.245,2,1
77,300,11/11/07 14:55,8,4.225,1,1
77,300,11/11/07 14:55,8,4.311,1,1
78,600,11/11/07 15:08,4,6.725,1,1
78,600,11/11/07 15:08,6,0.809,1,1
78,600,11/11/07 15:08,6,4.143,2,0
78,600,11/11/07 15:09,4,3.043,2,1
78,600,11/11/07 15:09,6,0.665,1,1
78,600,11/11/07 15:09,6,0.907,1,1
78,600,11/11/07 15:09,6,0.973,1,1
78,600,11/11/07 15:09,6,4.335,2,1
78,600,11/11/07 15:09,8,0.926,2,1
78,600,11/11/07 15:09,8,1.078,1,0
78,600,11/11/07 15:09,8,1.747,2,1
78,600,11/11/07 15:09,8,2.041,2,0
78,600,11/11/07 15:09,8,4.106,2,1
78,600,11/11/07 15:10,4,0.955,1,1
78,600,11/11/07 15:10,4,1.036,1,1
78,600,11/11/07 15:10,4,1.65,1,1
78,600,11/11/07 15:10,4,1.943,2,1
78,600,11/11/07 15:10,4,2.808,2,0
78,600,11/11/07 15:10,4,4.544,1,1
78,600,11/11/07 15:10,6,0.2,1,1
78,600,11/11/07 15:10,6,0.87,1,1
78,600,11/11/07 15:10,6,0.945,2,1
78,600,11/11/07 15:10,6,2.424,2,1
78,600,11/11/07 15:10,8,2.545,1,1
78,600,11/11/07 15:11,4,0.395,1,1
78,600,11/11/07 15:11,4,0.847,1,1
78,600,11/11/07 15:11,4,0.881,1,1
78,600,11/11/07 15:11,4,1.345,2,0
78,600,11/11/07 15:11,6,0.489,1,1
78,600,11/11/07 15:11,6,1.167,2,1
7,900,3/27/07 16:23,4,0.292,2,1
7,900,3/27/07 16:24,4,0.21,2,1
7,900,3/27/07 16:24,4,0.233,2,1
7,900,3/27/07 16:24,4,0.249,2,1
7,900,3/27/07 16:24,4,0.358,2,1
7,900,3/27/07 16:24,4,0.36,2,1
7,900,3/27/07 16:24,6,0.165,2,1
7,900,3/27/07 16:24,6,0.21,1,1
7,900,3/27/07 16:24,6,0.215,1,1
7,900,3/27/07 16:24,6,0.25,2,1
7,900,3/27/07 16:24,6,0.274,2,1
7,900,3/27/07 16:24,6,0.316,2,1
7,900,3/27/07 16:24,8,0.155,2,1
7,900,3/27/07 16:24,8,0.223,2,1
7,900,3/27/07 16:24,8,0.272,2,1
7,900,3/27/07 16:24,8,1.518,1,1
7,900,3/27/07 16:25,4,0.103,1,1
7,900,3/27/07 16:25,4,0.203,1,1
7,900,3/27/07 16:25,4,0.228,2,1
7,900,3/27/07 16:25,4,0.401,1,1
7,900,3/27/07 16:25,4,0.473,1,1
7,900,3/27/07 16:25,6,0.21,1,1
7,900,3/27/07 16:25,6,0.215,1,1
7,900,3/27/07 16:25,6,0.228,2,1
7,900,3/27/07 16:25,6,0.236,2,1
7,900,3/27/07 16:25,6,0.238,1,1
7,900,3/27/07 16:25,8,0.008,2,1
7,900,3/27/07 16:25,8,0.141,2,1
7,900,3/27/07 16:25,8,0.178,2,1
7,900,3/27/07 16:25,8,0.204,1,1
8,1200,4/6/07 16:18,4,0.353,1,1
8,1200,4/6/07 16:18,4,0.404,1,1
8,1200,4/6/07 16:18,4,0.478,2,1
8,1200,4/6/07 16:18,4,0.831,2,1
8,1200,4/6/07 16:18,4,1.387,2,1
8,1200,4/6/07 16:18,4,5.266,1,0
8,1200,4/6/07 16:18,6,0.364,2,1
8,1200,4/6/07 16:18,6,0.999,1,0
8,1200,4/6/07 16:18,6,2.829,-1,0
8,1200,4/6/07 16:18,8,0.344,1,1
8,1200,4/6/07 16:18,8,0.634,1,1
8,1200,4/6/07 16:18,8,0.966,2,1
8,1200,4/6/07 16:19,4,0,2,1
8,1200,4/6/07 16:19,4,0.395,1,1
8,1200,4/6/07 16:19,4,0.572,1,1
8,1200,4/6/07 16:19,4,0.584,1,1
8,1200,4/6/07 16:19,4,0.847,2,1
8,1200,4/6/07 16:19,4,1.596,1,1
8,1200,4/6/07 16:19,6,0.17,1,1
8,1200,4/6/07 16:19,6,0.348,2,0
8,1200,4/6/07 16:19,6,0.401,2,1
8,1200,4/6/07 16:19,6,0.455,2,1
8,1200,4/6/07 16:19,8,0.377,2,1
8,1200,4/6/07 16:19,8,1.133,1,1
8,1200,4/6/07 16:19,8,1.181,2,1
8,1200,4/6/07 16:19,8,1.352,2,1
8,1200,4/6/07 16:20,6,0.306,2,1
8,1200,4/6/07 16:20,6,0.545,2,1
8,1200,4/6/07 16:20,8,0.259,2,1
8,1200,4/6/07 16:20,8,1.907,2,0
9,300,4/17/07 11:15,4,1.066,2,1
9,300,4/17/07 11:15,6,0.496,1,1
9,300,4/17/07 11:15,6,0.784,1,1
9,300,4/17/07 11:15,8,0.463,2,1
9,300,4/17/07 11:15,8,0.791,1,1
9,300,4/17/07 11:15,8,1.584,2,1
9,300,4/17/07 11:15,8,2.268,2,1
9,300,4/17/07 11:16,4,0.458,1,1
9,300,4/17/07 11:16,4,0.639,2,1
9,300,4/17/07 11:16,4,0.815,2,1
9,300,4/17/07 11:16,4,1.945,2,1
9,300,4/17/07 11:16,6,0.613,1,0
9,300,4/17/07 11:16,6,0.631,1,0
9,300,4/17/07 11:16,6,1.021,1,1
9,300,4/17/07 11:16,6,1.273,1,1
9,300,4/17/07 11:16,6,1.971,1,0
9,300,4/17/07 11:16,8,0.375,2,1
9,300,4/17/07 11:16,8,0.432,1,1
9,300,4/17/07 11:16,8,0.448,1,1
9,300,4/17/07 11:17,4,0.902,1,1
9,300,4/17/07 11:17,4,1.395,2,1
9,300,4/17/07 11:17,4,1.764,2,1
9,300,4/17/07 11:17,4,1.99,1,0
9,300,4/17/07 11:17,4,2.194,2,0
9,300,4/17/07 11:17,6,0.738,2,1
9,300,4/17/07 11:17,6,0.994,2,0
9,300,4/17/07 11:17,6,1.594,2,1
9,300,4/17/07 11:17,8,0.182,2,1
9,100,4/17/07 11:17,8,0.274,1,0
9,300,4/17/07 11:17,8,0.972,1,0
